Order ID,Customer ID,SalesPerson,Order Date,Order Priority,SKU,Order Quantity,Unit Sell Price,Total,Ship Mode,Product Container,shipping date,shipping time
69,C396,Richard,03-Jun-14,Not Specified,SKU089,42,30.93,1299.06,Regular Air,Small Pack,05-Jun-14,2
69,C396,Bob,03-Jun-14,Not Specified,SKU778,28,1.68,47.04,Express Air,Wrap Bag,05-Jun-14,2
290,C241,John,05-Jan-14,Not Specified,SKU578,24,7.64,183.36,Regular Air,Wrap Bag,06-Jan-14,1
417,C645,Richard,05-Feb-14,Medium,SKU929,3,178.47,535.41,Regular Air,Small Box,07-Feb-14,2
417,C645,Richard,05-Feb-14,Medium,SKU1105,39,500.98,19538.22,Delivery Truck,Jumbo Drum,06-Feb-14,1
645,C323,Bob,02-Dec-14,High,SKU384,42,12.95,543.9,Regular Air,Small Box,04-Dec-14,2
900,C420,Bob,30-Sep-14,Not Specified,SKU363,29,40.98,1188.42,Regular Air,Small Box,01-Oct-14,1
962,C548,John,05-May-14,Low,SKU303,47,68.81,3234.07,Delivery Truck,Jumbo Drum,07-May-14,2
962,C548,John,05-May-14,Low,SKU409,33,122.99,4058.67,Regular Air,Small Box,07-May-14,2
1028,C507,Richard,05-Jan-14,High,SKU1034,6,28.48,170.88,Regular Air,Small Pack,06-Jan-14,1
1028,C507,Bob,05-Jan-14,High,SKU1148,11,205.99,2265.89,Regular Air,Small Box,07-Jan-14,2
1031,C677,John,31-Aug-14,Medium,SKU373,34,6.37,216.58,Regular Air,Small Box,02-Sep-14,2
1189,C003,Bob,08-Apr-14,Critical,SKU476,27,4.42,119.34,Regular Air,Small Box,09-Apr-14,1
1287,C551,Richard,04-Jul-14,High,SKU125,39,105.29,4106.31,Regular Air,Large Box,06-Jul-14,2
1444,C578,Bob,05-Dec-14,Medium,SKU688,25,30.98,774.5,Regular Air,Small Box,06-Dec-14,1
1444,C578,Bob,05-Dec-14,Medium,SKU1074,32,699.99,22399.68,Express Air,Large Box,07-Dec-14,2
1444,C578,Richard,05-Dec-14,Medium,SKU1118,13,1360.14,17681.82,Delivery Truck,Jumbo Drum,08-Dec-14,3
1444,C578,John,05-Dec-14,Medium,SKU694,2,6.48,12.96,Regular Air,Small Box,07-Dec-14,2
1444,C578,John,05-Dec-14,Medium,SKU891,24,17.15,411.6,Regular Air,Small Box,07-Dec-14,2
1665,C393,John,07-May-14,High,SKU1194,26,35.99,935.74,Regular Air,Small Box,09-May-14,2
1799,C779,John,06-Mar-14,Not Specified,SKU055,10,113.98,1139.8,Delivery Truck,Jumbo Drum,08-Mar-14,2
1799,C779,Bob,06-Mar-14,Not Specified,SKU711,16,6.48,103.68,Regular Air,Small Box,08-Mar-14,2
1824,C078,Bob,04-May-14,Critical,SKU144,2,6.28,12.56,Regular Air,Small Box,04-May-14,0
1824,C078,Bob,04-May-14,Critical,SKU077,39,276.2,10771.8,Regular Air,Large Box,05-May-14,1
1829,C764,Bob,07-May-14,High,SKU460,48,2.78,133.44,Regular Air,Small Box,08-May-14,1
1985,C428,Bob,01-Sep-14,Not Specified,SKU687,1,5.78,5.78,Regular Air,Small Box,03-Sep-14,2
1985,C428,Bob,01-Sep-14,Not Specified,SKU1100,33,535.64,17676.12,Delivery Truck,Jumbo Drum,03-Sep-14,2
2050,C347,Bob,01-Jun-14,Not Specified,SKU677,25,22.84,571,Regular Air,Small Box,03-Jun-14,2
2050,C347,John,01-Jun-14,Not Specified,SKU508,16,2.89,46.24,Regular Air,Small Box,03-Jun-14,2
2150,C791,John,02-Jun-14,Medium,SKU227,21,179.29,3765.09,Delivery Truck,Jumbo Box,04-Jun-14,2
2211,C791,Bob,29-Jun-14,High,SKU742,23,3.57,82.11,Regular Air,Small Pack,01-Jul-14,2
2211,C791,Bob,29-Jun-14,High,SKU599,14,5.98,83.72,Regular Air,Small Box,01-Jul-14,2
2373,C180,Richard,11-Mar-14,Not Specified,SKU358,36,8.6,309.6,Regular Air,Small Box,12-Mar-14,1
2466,C619,John,05-Mar-14,Critical,SKU207,25,107.53,2688.25,Regular Air,Medium Box,06-Mar-14,1
2722,C360,Bob,08-Apr-14,Low,SKU1057,46,40.97,1884.62,Regular Air,Small Pack,12-Apr-14,4
2754,C612,Richard,02-Apr-14,High,SKU658,11,47.9,526.9,Express Air,Small Box,04-Apr-14,2
2754,C612,Richard,02-Apr-14,High,SKU318,16,90.24,1443.84,Regular Air,Small Box,04-Apr-14,2
2791,C275,Richard,09-Oct-14,High,SKU567,18,30.98,557.64,Regular Air,Small Box,10-Oct-14,1
2791,C275,Richard,09-Oct-14,High,SKU058,49,120.98,5928.02,Delivery Truck,Jumbo Drum,11-Oct-14,2
2791,C275,John,09-Oct-14,High,SKU346,47,3.89,182.83,Regular Air,Small Box,09-Oct-14,0
2818,C655,Richard,11-Dec-14,Medium,SKU621,2,38.76,77.52,Regular Air,Small Box,12-Dec-14,1
2818,C655,John,11-Dec-14,Medium,SKU170,39,14.98,584.22,Regular Air,Small Pack,12-Dec-14,1
2853,C094,Richard,04-May-14,High,SKU929,25,178.47,4461.75,Express Air,Small Box,07-May-14,3
2915,C752,Bob,30-Mar-14,Low,SKU784,41,5.98,245.18,Regular Air,Wrap Bag,03-Apr-14,4
2915,C752,John,30-Mar-14,Low,SKU1046,23,39.98,919.54,Regular Air,Small Box,04-Apr-14,5
3073,C359,Richard,07-Jan-14,Medium,SKU1074,3,699.99,2099.97,Express Air,Large Box,08-Jan-14,1
3073,C359,Bob,07-Jan-14,Medium,SKU1130,7,6783.02,47481.14,Regular Air,Large Box,08-Jan-14,1
3073,C359,Richard,07-Jan-14,Medium,SKU359,3,1.98,5.94,Regular Air,Small Box,08-Jan-14,1
3136,C599,Bob,09-Aug-14,Not Specified,SKU758,8,30.98,247.84,Regular Air,Small Pack,11-Aug-14,2
3138,C102,Richard,08-Feb-14,Not Specified,SKU1049,4,179.99,719.96,Express Air,Small Box,08-Feb-14,0
3332,C080,John,04-Nov-14,Critical,SKU737,6,3.26,19.56,Regular Air,Wrap Bag,06-Nov-14,2
3522,C347,Richard,25-Sep-14,Low,SKU287,33,60.98,2012.34,Regular Air,Large Box,02-Oct-14,7
3649,C100,Richard,05-Jul-14,Low,SKU394,8,8.88,71.04,Regular Air,Small Box,10-Jul-14,5
3746,C012,Richard,10-Sep-14,Not Specified,SKU631,38,5.98,227.24,Regular Air,Small Box,11-Sep-14,1
3746,C012,John,10-Sep-14,Not Specified,SKU1162,14,115.99,1623.86,Regular Air,Small Box,10-Sep-14,0
3777,C156,Bob,07-Apr-14,Medium,SKU158,14,17.67,247.38,Express Air,Small Pack,08-Apr-14,1
3841,C395,John,04-Oct-14,Not Specified,SKU1239,43,205.99,8857.57,Express Air,Small Box,06-Oct-14,2
3841,C395,John,04-Oct-14,Not Specified,SKU287,19,60.98,1158.62,Regular Air,Large Box,06-Oct-14,2
3841,C395,Richard,04-Oct-14,Not Specified,SKU381,20,1270.99,25419.8,Regular Air,Small Box,06-Oct-14,2
4193,C673,John,08-Jan-14,High,SKU513,16,4.13,66.08,Regular Air,Small Box,08-Jan-14,0
4193,C673,John,08-Jan-14,High,SKU165,3,22.72,68.16,Regular Air,Small Pack,08-Jan-14,0
4389,C786,John,04-May-14,Medium,SKU435,35,5.34,186.9,Regular Air,Small Box,06-May-14,2
4389,C786,Richard,04-May-14,Medium,SKU1142,42,65.99,2771.58,Express Air,Small Box,04-May-14,0
4389,C786,John,04-May-14,Medium,SKU072,49,160.98,7888.02,Delivery Truck,Jumbo Drum,05-May-14,1
4454,C266,John,01-Feb-14,Low,SKU518,17,3.08,52.36,Regular Air,Small Box,06-Feb-14,5
4708,C540,Bob,30-Sep-14,Critical,SKU722,29,6.48,187.92,Regular Air,Small Box,02-Oct-14,2
4839,C667,Bob,09-May-14,Critical,SKU727,24,6.48,155.52,Regular Air,Small Box,09-May-14,0
4870,C481,John,05-Aug-14,Medium,SKU232,44,400.98,17643.12,Delivery Truck,Jumbo Box,06-Aug-14,1
5155,C608,John,11-Jun-14,High,SKU1046,14,39.98,559.72,Regular Air,Small Box,12-Jun-14,1
5283,C299,Bob,03-Jun-14,Medium,SKU1253,23,125.99,2897.77,Regular Air,Small Box,05-Jun-14,2
5316,C173,Richard,30-Jan-14,Critical,SKU1035,42,31.78,1334.76,Regular Air,Small Pack,01-Feb-14,2
5509,C064,Richard,07-Apr-14,Low,SKU490,11,5.58,61.38,Regular Air,Small Box,12-Apr-14,5
5639,C627,Richard,01-Jun-14,Medium,SKU905,31,15.31,474.61,Regular Air,Small Box,02-Jun-14,1
5735,C059,Bob,10-Dec-14,Medium,SKU242,10,280.98,2809.8,Delivery Truck,Jumbo Box,11-Dec-14,1
5828,C153,Richard,05-Mar-14,Low,SKU247,21,296.18,6219.78,Delivery Truck,Jumbo Box,12-Mar-14,7
5856,C160,Richard,05-Nov-14,High,SKU236,42,230.98,9701.16,Delivery Truck,Jumbo Box,07-Nov-14,2
6179,C258,John,02-Jun-14,Not Specified,SKU489,50,9.78,489,Regular Air,Small Box,03-Jun-14,1
6179,C258,Richard,02-Jun-14,Not Specified,SKU1151,15,200.99,3014.85,Regular Air,Small Box,04-Jun-14,2
6310,C425,Richard,03-May-14,Not Specified,SKU087,27,8.09,218.43,Regular Air,Small Box,04-May-14,1
6434,C642,Bob,07-Jun-14,High,SKU611,13,4.76,61.88,Regular Air,Wrap Bag,07-Jun-14,0
6592,C734,Bob,01-Dec-14,Low,SKU866,29,6.84,198.36,Regular Air,Small Pack,08-Dec-14,7
6592,C734,Richard,01-Dec-14,Low,SKU965,33,48.91,1614.03,Express Air,Large Box,03-Dec-14,2
6854,C784,Richard,06-Jan-14,Medium,SKU412,1,7.68,7.68,Express Air,Small Box,08-Jan-14,2
6854,C784,Bob,06-Jan-14,Medium,SKU169,19,6.64,126.16,Express Air,Small Pack,08-Jan-14,2
7203,C662,Richard,08-Jan-14,High,SKU391,25,896.99,22424.75,Regular Air,Small Box,10-Jan-14,2
7364,C503,Bob,08-May-14,High,SKU474,15,16.98,254.7,Regular Air,Small Box,10-May-14,2
7398,C180,Richard,01-Jun-14,Not Specified,SKU953,34,64.65,2198.1,Regular Air,Large Box,03-Jun-14,2
7398,C180,Bob,01-Jun-14,Not Specified,SKU767,6,9.11,54.66,Regular Air,Wrap Bag,04-Jun-14,3
7431,C305,Bob,01-May-14,Medium,SKU139,33,2.23,73.59,Regular Air,Small Pack,02-May-14,1
7527,C582,John,11-Dec-14,Medium,SKU093,37,15.68,580.16,Regular Air,Small Pack,12-Dec-14,1
7527,C582,John,11-Dec-14,Medium,SKU1250,42,195.99,8231.58,Regular Air,Small Box,12-Dec-14,1
7782,C520,Richard,02-Jul-14,Critical,SKU328,20,60.97,1219.4,Express Air,Small Box,04-Jul-14,2
7905,C523,Richard,03-Jun-14,Low,SKU224,46,259.71,11946.66,Delivery Truck,Jumbo Box,07-Jun-14,4
7909,C023,Richard,03-Jan-14,High,SKU766,29,4.26,123.54,Regular Air,Wrap Bag,04-Jan-14,1
8103,C093,Richard,02-Nov-14,Low,SKU368,16,29.17,466.72,Regular Air,Small Box,06-Nov-14,4
8161,C307,John,03-Jun-14,High,SKU516,45,2.61,117.45,Regular Air,Small Box,05-Jun-14,2
8162,C505,John,07-Oct-14,Medium,SKU1049,32,179.99,5759.68,Regular Air,Small Box,08-Oct-14,1
8162,C505,Richard,07-Oct-14,Medium,SKU921,42,140.85,5915.7,Regular Air,Small Box,09-Oct-14,2
8162,C505,John,07-Oct-14,Medium,SKU982,25,27.48,687,Regular Air,Small Box,08-Oct-14,1
8229,C592,John,07-Dec-14,Medium,SKU1119,7,510.14,3570.98,Delivery Truck,Jumbo Drum,09-Dec-14,2
8229,C592,Bob,07-Dec-14,Medium,SKU598,50,4.76,238,Regular Air,Wrap Bag,09-Dec-14,2
8258,C348,John,01-Mar-14,High,SKU589,37,11.34,419.58,Regular Air,Small Box,02-Mar-14,1
8290,C592,John,09-Dec-14,Critical,SKU506,32,6.3,201.6,Regular Air,Small Box,11-Dec-14,2
8295,C423,John,01-Apr-14,High,SKU1194,30,35.99,1079.7,Regular Air,Small Box,03-Apr-14,2
8295,C423,Richard,01-Apr-14,High,SKU1211,7,125.99,881.93,Regular Air,Small Box,02-Apr-14,1
8551,C522,Bob,29-Jul-14,Critical,SKU333,25,7.45,186.25,Regular Air,Small Box,01-Aug-14,3
8576,C188,Bob,09-Jan-14,High,SKU750,43,11.66,501.38,Express Air,Small Pack,11-Jan-14,2
8614,C762,John,04-Jun-14,Low,SKU1175,13,115.99,1507.87,Regular Air,Small Box,06-Jun-14,2
8646,C260,John,09-Apr-14,High,SKU257,29,349.45,10134.05,Delivery Truck,Jumbo Drum,10-Apr-14,1
8646,C260,Bob,09-Apr-14,High,SKU1054,26,40.98,1065.48,Express Air,Small Box,11-Apr-14,2
8646,C260,Richard,09-Apr-14,High,SKU045,41,350.99,14390.59,Delivery Truck,Jumbo Drum,11-Apr-14,2
8646,C260,Richard,09-Apr-14,High,SKU310,8,4.48,35.84,Regular Air,Large Box,11-Apr-14,2
8709,C654,Richard,08-Mar-14,High,SKU1112,11,80.97,890.67,Delivery Truck,Jumbo Drum,11-Mar-14,3
8709,C654,John,08-Mar-14,High,SKU1089,50,51.98,2599,Regular Air,Medium Box,10-Mar-14,2
8710,C735,John,04-Jan-14,Critical,SKU540,42,3.71,155.82,Express Air,Wrap Bag,06-Jan-14,2
8710,C735,Bob,04-Jan-14,Critical,SKU370,17,3.36,57.12,Regular Air,Small Box,05-Jan-14,1
8868,C166,John,28-Jan-14,Low,SKU457,34,5.18,176.12,Regular Air,Small Box,01-Feb-14,4
8868,C166,Bob,28-Jan-14,Low,SKU273,3,59.98,179.94,Regular Air,Small Box,06-Feb-14,9
8994,C161,Bob,07-Apr-14,Low,SKU1021,36,40.48,1457.28,Regular Air,Small Box,09-Apr-14,2
8997,C769,Richard,01-Jul-14,Low,SKU1077,40,449.99,17999.6,Regular Air,Large Box,05-Jul-14,4
8997,C769,John,01-Jul-14,Low,SKU782,20,5.84,116.8,Regular Air,Wrap Bag,10-Jul-14,9
9057,C528,Bob,04-Nov-14,Critical,SKU189,20,7.59,151.8,Regular Air,Wrap Bag,04-Nov-14,0
9219,C181,John,28-Sep-14,Low,SKU1047,24,50.98,1223.52,Regular Air,Small Box,03-Oct-14,5
9222,C340,John,10-Feb-14,High,SKU612,41,11.34,464.94,Regular Air,Small Box,11-Feb-14,1
9285,C212,Bob,02-Jan-14,Critical,SKU363,3,40.98,122.94,Regular Air,Small Box,04-Jan-14,2
9637,C036,John,03-Jan-14,Low,SKU989,12,43.22,518.64,Regular Air,Small Box,05-Jan-14,2
9637,C036,Bob,03-Jan-14,Low,SKU1128,49,574.74,28162.26,Regular Air,Large Box,10-Jan-14,7
9637,C036,Richard,03-Jan-14,Low,SKU593,12,10.14,121.68,Regular Air,Wrap Bag,07-Jan-14,4
9668,C158,John,06-Sep-14,Low,SKU366,10,4.18,41.8,Regular Air,Small Box,08-Sep-14,2
9762,C453,Bob,03-Jan-14,High,SKU083,12,20.98,251.76,Regular Air,Medium Box,04-Jan-14,1
9923,C143,Richard,05-Oct-14,High,SKU949,14,370.98,5193.72,Delivery Truck,Jumbo Drum,06-Oct-14,1
9923,C143,Bob,05-Oct-14,High,SKU152,27,2.08,56.16,Regular Air,Small Box,05-Oct-14,0
10022,C222,Richard,04-Mar-14,Low,SKU593,1,10.14,10.14,Regular Air,Wrap Bag,04-Mar-14,0
10052,C191,John,07-Sep-14,Not Specified,SKU297,28,19.9,557.2,Regular Air,Medium Box,09-Sep-14,2
10052,C191,Richard,07-Sep-14,Not Specified,SKU833,16,6.08,97.28,Regular Air,Wrap Bag,08-Sep-14,1
10052,C191,John,07-Sep-14,Not Specified,SKU370,46,3.36,154.56,Regular Air,Small Box,09-Sep-14,2
10146,C280,Bob,01-May-14,Low,SKU172,19,34.23,650.37,Regular Air,Small Box,06-May-14,5
10277,C312,Bob,07-Apr-14,Medium,SKU1208,36,65.99,2375.64,Regular Air,Small Box,08-Apr-14,1
10305,C406,John,07-Jul-14,Low,SKU186,12,5.08,60.96,Regular Air,Wrap Bag,12-Jul-14,5
10310,C154,Richard,05-Feb-14,Low,SKU1231,6,195.99,1175.94,Regular Air,Small Box,12-Feb-14,7
10310,C154,Bob,05-Feb-14,Low,SKU819,48,2.88,138.24,Regular Air,Wrap Bag,09-Feb-14,4
10464,C107,Bob,10-Aug-14,Critical,SKU626,23,4.98,114.54,Regular Air,Small Box,11-Aug-14,1
10562,C794,Bob,11-Nov-14,Not Specified,SKU947,10,95.99,959.9,Regular Air,Large Box,12-Nov-14,1
10658,C400,Richard,27-Aug-14,Low,SKU1158,17,95.99,1631.83,Regular Air,Small Box,03-Sep-14,7
10851,C362,Richard,06-Apr-14,High,SKU884,50,12.88,644,Regular Air,Wrap Bag,06-Apr-14,0
10851,C362,John,06-Apr-14,High,SKU1159,14,45.99,643.86,Express Air,Small Box,07-Apr-14,1
10884,C166,Bob,25-Nov-14,Low,SKU1233,24,125.99,3023.76,Regular Air,Small Box,02-Dec-14,7
10978,C758,John,01-Apr-14,Critical,SKU066,9,60.98,548.82,Delivery Truck,Jumbo Drum,02-Apr-14,1
11174,C280,Bob,09-Apr-14,Medium,SKU1235,30,125.99,3779.7,Regular Air,Small Box,10-Apr-14,1
11302,C561,John,01-Mar-14,Low,SKU1113,10,90.97,909.7,Delivery Truck,Jumbo Drum,03-Mar-14,2
11392,C680,Richard,05-Sep-14,Low,SKU436,28,4.55,127.4,Regular Air,Small Box,07-Sep-14,2
11426,C455,Bob,07-May-14,Medium,SKU1031,19,16.48,313.12,Regular Air,Small Pack,08-May-14,1
11527,C081,John,02-Jul-14,Medium,SKU171,45,99.23,4465.35,Regular Air,Small Pack,04-Jul-14,2
11680,C020,John,04-Sep-14,Medium,SKU1141,50,175.99,8799.5,Regular Air,Small Box,06-Sep-14,2
11714,C737,John,04-Aug-14,Critical,SKU867,9,15.73,141.57,Regular Air,Small Pack,05-Aug-14,1
11714,C737,John,04-Aug-14,Critical,SKU1121,1,3502.14,3502.14,Delivery Truck,Jumbo Box,05-Aug-14,1
11748,C737,John,03-Jun-14,Not Specified,SKU223,23,145.98,3357.54,Delivery Truck,Jumbo Box,03-Jun-14,0
11972,C042,John,03-Jan-14,Not Specified,SKU1124,4,213.45,853.8,Delivery Truck,Jumbo Drum,05-Jan-14,2
12099,C168,Richard,11-Sep-14,Critical,SKU505,1,2.61,2.61,Express Air,Small Box,11-Sep-14,0
12224,C398,Richard,12-Dec-14,High,SKU1181,29,35.99,1043.71,Regular Air,Wrap Bag,12-Dec-14,0
12258,C440,John,30-Nov-14,Low,SKU280,2,3.25,6.5,Regular Air,Large Box,05-Dec-14,5
12258,C440,Bob,30-Nov-14,Low,SKU836,27,3.95,106.65,Express Air,Wrap Bag,07-Dec-14,7
12258,C440,Richard,30-Nov-14,Low,SKU194,22,110.98,2441.56,Regular Air,Medium Box,04-Dec-14,4
12389,C528,Bob,04-Aug-14,Medium,SKU951,16,11.35,181.6,Regular Air,Small Box,05-Aug-14,1
12389,C528,Bob,04-Aug-14,Medium,SKU1027,34,80.98,2753.32,Regular Air,Small Box,06-Aug-14,2
12480,C716,Richard,07-Jul-14,Medium,SKU017,8,137.48,1099.84,Delivery Truck,Jumbo Box,08-Jul-14,1
12544,C381,John,03-Mar-14,Low,SKU152,34,2.08,70.72,Regular Air,Small Box,10-Mar-14,7
12768,C440,John,08-Apr-14,Critical,SKU276,34,42.98,1461.32,Express Air,Small Box,10-Apr-14,2
12934,C318,Richard,05-Mar-14,Not Specified,SKU489,45,9.78,440.1,Regular Air,Small Box,06-Mar-14,1
12934,C318,Bob,05-Mar-14,Not Specified,SKU797,27,3.28,88.56,Express Air,Wrap Bag,06-Mar-14,1
13028,C723,Richard,08-Apr-14,Critical,SKU652,39,35.44,1382.16,Regular Air,Small Box,09-Apr-14,1
13280,C310,Richard,11-Sep-14,High,SKU1203,49,7.99,391.51,Regular Air,Medium Box,12-Sep-14,1
13280,C310,Richard,11-Sep-14,High,SKU897,40,10.9,436,Regular Air,Small Box,12-Sep-14,1
13479,C270,Richard,04-Dec-14,High,SKU1059,3,99.99,299.97,Regular Air,Small Box,06-Dec-14,2
13479,C270,Bob,04-Dec-14,High,SKU1213,13,205.99,2677.87,Regular Air,Small Box,05-Dec-14,1
13542,C391,Bob,08-Mar-14,Low,SKU464,33,8.74,288.42,Regular Air,Small Box,08-Mar-14,0
13604,C266,Richard,02-Feb-14,Not Specified,SKU128,42,90.98,3821.16,Regular Air,Medium Box,05-Feb-14,3
13604,C266,Richard,02-Feb-14,Not Specified,SKU1043,38,83.1,3157.8,Regular Air,Small Box,04-Feb-14,2
13632,C582,John,10-Mar-14,Medium,SKU1084,6,99.99,599.94,Express Air,Small Box,12-Mar-14,2
13635,C625,John,01-May-14,Critical,SKU643,28,4.98,139.44,Regular Air,Small Box,02-May-14,1
13635,C625,John,01-May-14,Critical,SKU715,49,6.48,317.52,Regular Air,Small Box,03-May-14,2
13729,C508,Bob,01-Jan-14,Not Specified,SKU947,9,95.99,863.91,Express Air,Large Box,03-Jan-14,2
13765,C685,Bob,05-Apr-14,Not Specified,SKU768,45,36.55,1644.75,Regular Air,Wrap Bag,07-Apr-14,2
13920,C025,John,09-Oct-14,Critical,SKU580,25,37.94,948.5,Express Air,Wrap Bag,11-Oct-14,2
13920,C025,Bob,09-Oct-14,Critical,SKU875,24,8.57,205.68,Regular Air,Small Pack,10-Oct-14,1
13927,C193,Bob,26-Aug-14,Low,SKU695,26,6.48,168.48,Express Air,Small Box,02-Sep-14,7
13959,C023,Richard,04-Apr-14,Medium,SKU560,19,4,76,Express Air,Wrap Bag,06-Apr-14,2
13959,C023,Richard,04-Apr-14,Medium,SKU515,47,4.91,230.77,Regular Air,Small Box,06-Apr-14,2
14055,C436,John,01-Sep-14,High,SKU163,21,22.23,466.83,Regular Air,Small Pack,03-Sep-14,2
14114,C208,Richard,06-Apr-14,Critical,SKU106,41,5.77,236.57,Regular Air,Medium Box,06-Apr-14,0
14114,C208,Richard,06-Apr-14,Critical,SKU838,29,2.18,63.22,Regular Air,Wrap Bag,06-Apr-14,0
14114,C208,John,06-Apr-14,Critical,SKU023,38,170.98,6497.24,Delivery Truck,Jumbo Box,08-Apr-14,2
14274,C181,John,06-Jan-14,Not Specified,SKU1194,2,35.99,71.98,Regular Air,Small Box,07-Jan-14,1
14274,C181,Richard,06-Jan-14,Not Specified,SKU068,23,150.98,3472.54,Delivery Truck,Jumbo Drum,08-Jan-14,2
14274,C181,Richard,06-Jan-14,Not Specified,SKU906,46,28.28,1300.88,Express Air,Medium Box,08-Jan-14,2
14311,C112,John,01-Aug-14,Critical,SKU373,30,6.37,191.1,Regular Air,Small Box,02-Aug-14,1
14400,C333,John,04-Feb-14,Medium,SKU229,43,146.05,6280.15,Delivery Truck,Jumbo Box,05-Feb-14,1
14400,C333,John,04-Feb-14,Medium,SKU429,32,2.16,69.12,Regular Air,Small Box,05-Feb-14,1
14400,C333,Bob,04-Feb-14,Medium,SKU714,35,6.48,226.8,Regular Air,Small Box,05-Feb-14,1
14530,C770,Bob,06-Apr-14,High,SKU917,49,13.43,658.07,Regular Air,Small Box,08-Apr-14,2
14530,C770,Bob,06-Apr-14,High,SKU916,17,89.83,1527.11,Regular Air,Large Box,08-Apr-14,2
14530,C770,Richard,06-Apr-14,High,SKU1253,44,125.99,5543.56,Regular Air,Small Box,06-Apr-14,0
14596,C201,Richard,10-Jan-14,Critical,SKU797,19,3.28,62.32,Regular Air,Wrap Bag,11-Jan-14,1
14596,C201,Richard,10-Jan-14,Critical,SKU122,24,8.34,200.16,Regular Air,Wrap Bag,12-Jan-14,2
14627,C708,Bob,04-Feb-14,Medium,SKU413,47,14.48,680.56,Regular Air,Small Box,05-Feb-14,1
14785,C574,Richard,09-Oct-14,High,SKU515,20,4.91,98.2,Regular Air,Small Box,09-Oct-14,0
14785,C574,John,09-Oct-14,High,SKU757,25,28.15,703.75,Regular Air,Small Pack,10-Oct-14,1
14823,C213,Bob,12-Feb-14,Low,SKU832,20,6.7,134,Regular Air,Wrap Bag,12-Feb-14,0
14916,C124,Richard,27-Feb-14,Low,SKU1236,16,125.99,2015.84,Express Air,Small Box,01-Mar-14,2
14983,C638,Richard,11-Feb-14,High,SKU1255,18,205.99,3707.82,Regular Air,Small Box,12-Feb-14,1
14983,C638,Richard,11-Feb-14,High,SKU1251,48,205.99,9887.52,Express Air,Small Box,12-Feb-14,1
15040,C128,Richard,04-Dec-14,Low,SKU557,48,9.11,437.28,Express Air,Wrap Bag,08-Dec-14,4
15075,C562,Richard,04-Oct-14,Medium,SKU177,24,63.94,1534.56,Regular Air,Small Box,04-Oct-14,0
15075,C562,Richard,04-Oct-14,Medium,SKU1012,10,5.02,50.2,Regular Air,Small Pack,06-Oct-14,2
15105,C307,Bob,03-Nov-14,Low,SKU942,39,12.28,478.92,Regular Air,Small Box,10-Nov-14,7
15270,C491,Bob,31-Jan-14,Not Specified,SKU545,36,6.98,251.28,Regular Air,Wrap Bag,02-Feb-14,2
15654,C247,Bob,02-Oct-14,Not Specified,SKU003,27,300.98,8126.46,Delivery Truck,Jumbo Box,04-Oct-14,2
15654,C247,John,02-Oct-14,Not Specified,SKU1096,4,2550.14,10200.56,Delivery Truck,Jumbo Drum,04-Oct-14,2
15815,C551,John,01-May-14,Critical,SKU436,24,4.55,109.2,Regular Air,Small Box,01-May-14,0
15815,C551,Bob,01-May-14,Critical,SKU378,43,11.7,503.1,Regular Air,Small Box,03-May-14,2
16032,C113,Richard,05-Dec-14,Low,SKU190,35,12.64,442.4,Regular Air,Small Pack,12-Dec-14,7
16321,C660,Richard,01-Oct-14,Not Specified,SKU933,50,142.86,7143,Regular Air,Small Box,03-Oct-14,2
16419,C405,Bob,04-Aug-14,Not Specified,SKU687,43,5.78,248.54,Regular Air,Small Box,05-Aug-14,1
16480,C559,Bob,06-Dec-14,Not Specified,SKU330,14,5.4,75.6,Express Air,Small Box,08-Dec-14,2
16610,C747,John,10-Oct-14,High,SKU494,19,35.94,682.86,Regular Air,Small Box,12-Oct-14,2
16770,C555,Bob,06-Jan-14,Critical,SKU821,17,2.1,35.7,Regular Air,Wrap Bag,07-Jan-14,1
16961,C771,John,06-Jan-14,Not Specified,SKU978,27,1.7,45.9,Regular Air,Small Pack,07-Jan-14,1
16961,C771,John,06-Jan-14,Not Specified,SKU629,34,30.98,1053.32,Regular Air,Small Box,08-Jan-14,2
17313,C686,Richard,07-May-14,High,SKU611,27,4.76,128.52,Express Air,Wrap Bag,09-May-14,2
17317,C456,John,03-Dec-14,Not Specified,SKU476,7,4.42,30.94,Regular Air,Small Box,05-Dec-14,2
17446,C081,Richard,09-Jun-14,Critical,SKU873,15,8.34,125.1,Express Air,Small Pack,11-Jun-14,2
17636,C216,John,04-Feb-14,Low,SKU802,2,2.94,5.88,Regular Air,Wrap Bag,08-Feb-14,4
17795,C776,Richard,01-Apr-14,Medium,SKU302,1,11.33,11.33,Regular Air,Medium Box,03-Apr-14,2
17927,C352,Bob,09-Aug-14,Medium,SKU986,42,20.95,879.9,Regular Air,Small Box,10-Aug-14,1
18178,C557,Richard,02-Nov-14,Low,SKU310,43,4.48,192.64,Regular Air,Large Box,02-Nov-14,0
18178,C557,John,02-Nov-14,Low,SKU158,10,17.67,176.7,Regular Air,Small Pack,09-Nov-14,7
18179,C475,Bob,01-Aug-14,Not Specified,SKU507,24,3.08,73.92,Regular Air,Small Box,02-Aug-14,1
18179,C475,John,01-Aug-14,Not Specified,SKU1013,50,60.98,3049,Regular Air,Small Pack,01-Aug-14,0
18179,C475,John,01-Aug-14,Not Specified,SKU586,50,10.31,515.5,Regular Air,Wrap Bag,03-Aug-14,2
18247,C642,Bob,05-Nov-14,Not Specified,SKU189,20,7.59,151.8,Regular Air,Wrap Bag,06-Nov-14,1
18308,C041,Bob,09-Oct-14,Not Specified,SKU985,15,30.73,460.95,Regular Air,Small Box,09-Oct-14,0
18308,C041,John,09-Oct-14,Not Specified,SKU375,30,3.8,114,Regular Air,Small Box,11-Oct-14,2
18308,C041,Bob,09-Oct-14,Not Specified,SKU1242,49,125.99,6173.51,Regular Air,Small Box,10-Oct-14,1
18402,C218,Richard,29-Aug-14,Low,SKU035,5,284.98,1424.9,Delivery Truck,Jumbo Drum,05-Sep-14,7
18405,C302,Richard,07-Jan-14,Medium,SKU433,30,20.98,629.4,Express Air,Small Box,09-Jan-14,2
18405,C302,Bob,07-Jan-14,Medium,SKU1022,2,73.98,147.96,Regular Air,Small Box,10-Jan-14,3
18533,C452,John,06-Nov-14,Not Specified,SKU1203,5,7.99,39.95,Express Air,Medium Box,08-Nov-14,2
18533,C452,John,06-Nov-14,Not Specified,SKU905,27,15.31,413.37,Regular Air,Small Box,07-Nov-14,1
18561,C398,Richard,09-Jan-14,Not Specified,SKU501,9,4.13,37.17,Regular Air,Small Box,10-Jan-14,1
18595,C059,Richard,31-Jan-14,Critical,SKU307,6,78.65,471.9,Regular Air,Medium Box,02-Feb-14,2
18595,C059,John,31-Jan-14,Critical,SKU873,16,8.34,133.44,Regular Air,Small Pack,02-Feb-14,2
18753,C271,John,31-Jul-14,Medium,SKU079,31,128.24,3975.44,Regular Air,Medium Box,02-Aug-14,2
18753,C271,Richard,31-Jul-14,Medium,SKU072,33,160.98,5312.34,Delivery Truck,Jumbo Drum,02-Aug-14,2
18788,C405,John,02-Oct-14,Not Specified,SKU202,27,19.99,539.73,Regular Air,Large Box,03-Oct-14,1
18919,C644,Bob,28-Jun-14,Low,SKU278,39,17.52,683.28,Regular Air,Medium Box,03-Jul-14,5
19010,C310,Bob,07-Jun-14,Low,SKU381,18,1270.99,22877.82,Regular Air,Small Box,09-Jun-14,2
19042,C281,Richard,01-Mar-14,Critical,SKU458,8,40.98,327.84,Regular Air,Small Box,02-Mar-14,1
19111,C074,Richard,04-Oct-14,Low,SKU975,24,8.33,199.92,Regular Air,Small Pack,09-Oct-14,5
19140,C042,John,30-Sep-14,Medium,SKU835,50,3.29,164.5,Regular Air,Wrap Bag,01-Oct-14,1
19140,C042,John,30-Sep-14,Medium,SKU462,47,6.54,307.38,Regular Air,Small Box,01-Oct-14,1
19493,C091,Richard,02-Feb-14,Critical,SKU253,31,154.13,4778.03,Regular Air,Large Box,03-Feb-14,1
19655,C011,John,11-Jan-14,High,SKU1063,31,39.24,1216.44,Regular Air,Small Pack,12-Jan-14,1
19716,C558,John,29-Sep-14,Low,SKU1171,5,140.99,704.95,Regular Air,Small Box,06-Oct-14,7
20007,C576,Bob,05-Aug-14,Not Specified,SKU788,49,1.68,82.32,Regular Air,Wrap Bag,06-Aug-14,1
20128,C163,Richard,31-Aug-14,Not Specified,SKU920,5,95.43,477.15,Regular Air,Small Box,02-Sep-14,2
20128,C163,John,31-Aug-14,Not Specified,SKU997,32,8.5,272,Regular Air,Small Pack,02-Sep-14,2
20135,C729,Richard,30-Jun-14,Critical,SKU257,28,349.45,9784.6,Delivery Truck,Jumbo Drum,02-Jul-14,2
20162,C332,Bob,08-Feb-14,Medium,SKU385,38,15.16,576.08,Regular Air,Small Box,09-Feb-14,1
20166,C542,John,04-Mar-14,Low,SKU1255,6,205.99,1235.94,Regular Air,Small Box,08-Mar-14,4
20229,C296,John,30-Oct-14,Low,SKU856,47,2.62,123.14,Regular Air,Wrap Bag,06-Nov-14,7
20390,C673,Richard,31-Aug-14,Not Specified,SKU987,35,34.98,1224.3,Express Air,Small Box,03-Sep-14,3
20390,C673,Richard,31-Aug-14,Not Specified,SKU885,17,3.14,53.38,Regular Air,Wrap Bag,02-Sep-14,2
20480,C473,Bob,29-Jan-14,Medium,SKU386,38,420.98,15997.24,Regular Air,Small Box,01-Feb-14,3
20513,C001,John,07-Jul-14,High,SKU823,13,2.84,36.92,Express Air,Wrap Bag,08-Jul-14,1
20518,C596,Bob,05-Oct-14,Critical,SKU1140,49,200.99,9848.51,Regular Air,Small Box,06-Oct-14,1
20518,C596,Bob,05-Oct-14,Critical,SKU1125,7,297.48,2082.36,Delivery Truck,Jumbo Drum,06-Oct-14,1
20519,C100,Richard,10-Apr-14,High,SKU1082,7,15.99,111.93,Regular Air,Medium Box,11-Apr-14,1
20709,C298,Bob,11-Aug-14,High,SKU513,4,4.13,16.52,Regular Air,Small Box,11-Aug-14,0
20710,C226,Bob,29-Nov-14,High,SKU516,26,2.61,67.86,Regular Air,Small Box,01-Dec-14,2
20773,C224,Richard,05-Mar-14,Not Specified,SKU415,44,10.91,480.04,Regular Air,Small Box,06-Mar-14,1
20838,C696,Richard,10-Apr-14,Not Specified,SKU801,5,3.28,16.4,Regular Air,Wrap Bag,11-Apr-14,1
20838,C696,John,10-Apr-14,Not Specified,SKU879,21,10.98,230.58,Regular Air,Small Pack,11-Apr-14,1
21222,C133,Richard,03-Feb-14,Not Specified,SKU187,36,5.08,182.88,Regular Air,Wrap Bag,05-Feb-14,2
21222,C133,Richard,03-Feb-14,Not Specified,SKU1188,26,35.99,935.74,Regular Air,Small Box,05-Feb-14,2
21314,C591,John,02-Nov-14,Low,SKU217,40,105.49,4219.6,Delivery Truck,Jumbo Box,09-Nov-14,7
21314,C591,Bob,02-Nov-14,Low,SKU358,6,8.6,51.6,Regular Air,Small Box,04-Nov-14,2
21314,C591,Bob,02-Nov-14,Low,SKU848,30,3.58,107.4,Regular Air,Wrap Bag,06-Nov-14,4
21383,C637,Richard,30-Jan-14,Low,SKU1128,31,574.74,17816.94,Regular Air,Large Box,04-Feb-14,5
21541,C619,Richard,08-Oct-14,Not Specified,SKU011,43,70.98,3052.14,Delivery Truck,Jumbo Box,10-Oct-14,2
21602,C346,John,01-Jul-14,Critical,SKU231,6,348.21,2089.26,Delivery Truck,Jumbo Box,04-Jul-14,3
21635,C455,Bob,02-Dec-14,Low,SKU408,2,24.92,49.84,Regular Air,Small Box,02-Dec-14,0
21636,C294,Bob,10-Aug-14,Low,SKU1186,35,55.99,1959.65,Regular Air,Small Pack,10-Aug-14,0
21703,C014,Bob,02-Mar-14,Not Specified,SKU119,20,92.23,1844.6,Regular Air,Medium Box,04-Mar-14,2
21703,C014,Richard,02-Mar-14,Not Specified,SKU1152,15,175.99,2639.85,Express Air,Small Box,02-Mar-14,0
21703,C014,Richard,02-Mar-14,Not Specified,SKU520,3,3.69,11.07,Regular Air,Small Box,04-Mar-14,2
21766,C714,Bob,01-Jun-14,High,SKU058,41,120.98,4960.18,Delivery Truck,Jumbo Drum,03-Jun-14,2
21766,C714,Bob,01-Jun-14,High,SKU093,32,15.68,501.76,Regular Air,Small Pack,03-Jun-14,2
21922,C356,John,11-Nov-14,High,SKU110,11,9.77,107.47,Regular Air,Medium Box,12-Nov-14,1
21922,C356,John,11-Nov-14,High,SKU050,17,500.98,8516.66,Delivery Truck,Jumbo Drum,12-Nov-14,1
21958,C667,Bob,05-Jun-14,High,SKU314,14,363.25,5085.5,Regular Air,Small Box,06-Jun-14,1
22342,C170,Bob,29-May-14,Low,SKU1197,13,20.99,272.87,Regular Air,Small Pack,05-Jun-14,7
22371,C617,Richard,04-Apr-14,High,SKU397,8,7.38,59.04,Regular Air,Small Box,05-Apr-14,1
22628,C485,Bob,29-Oct-14,Medium,SKU031,30,95.95,2878.5,Delivery Truck,Jumbo Drum,01-Nov-14,3
22695,C405,Bob,03-Jul-14,Low,SKU579,44,10.06,442.64,Regular Air,Wrap Bag,08-Jul-14,5
22755,C291,John,30-Mar-14,Medium,SKU1200,5,55.99,279.95,Regular Air,Small Pack,01-Apr-14,2
22755,C291,John,30-Mar-14,Medium,SKU451,45,5.34,240.3,Regular Air,Small Box,01-Apr-14,2
22851,C224,Richard,01-Mar-14,Critical,SKU1034,25,28.48,712,Regular Air,Small Pack,02-Mar-14,1
22851,C224,Bob,01-Mar-14,Critical,SKU1220,38,45.99,1747.62,Express Air,Small Box,02-Mar-14,1
22851,C224,Bob,01-Mar-14,Critical,SKU152,13,2.08,27.04,Regular Air,Small Box,03-Mar-14,2
22917,C565,Richard,01-Mar-14,Medium,SKU1072,1,3499.99,3499.99,Express Air,Large Box,04-Mar-14,3
22978,C051,John,02-Apr-14,Medium,SKU048,28,60.89,1704.92,Delivery Truck,Jumbo Drum,03-Apr-14,1
23008,C270,John,09-Oct-14,Critical,SKU411,10,120.98,1209.8,Express Air,Small Box,11-Oct-14,2
23008,C270,Bob,09-Oct-14,Critical,SKU977,2,152.48,304.96,Express Air,Small Box,11-Oct-14,2
23333,C526,Richard,05-Aug-14,Medium,SKU300,44,14.42,634.48,Regular Air,Medium Box,06-Aug-14,1
23333,C526,John,05-Aug-14,Medium,SKU631,32,5.98,191.36,Regular Air,Small Box,07-Aug-14,2
23333,C526,Bob,05-Aug-14,Medium,SKU1252,16,65.99,1055.84,Regular Air,Small Box,06-Aug-14,1
23360,C383,Richard,11-May-14,Low,SKU467,30,15.67,470.1,Express Air,Small Box,11-May-14,0
23488,C408,John,06-Jan-14,Critical,SKU022,30,880.98,26429.4,Delivery Truck,Jumbo Box,07-Jan-14,1
23490,C406,Bob,06-Jan-14,High,SKU801,29,3.28,95.12,Regular Air,Wrap Bag,08-Jan-14,2
23808,C248,Bob,07-Feb-14,Low,SKU1253,28,125.99,3527.72,Regular Air,Small Box,09-Feb-14,2
23844,C528,Bob,06-Jul-14,Not Specified,SKU532,11,3.15,34.65,Regular Air,Small Box,07-Jul-14,1
23844,C528,Bob,06-Jul-14,Not Specified,SKU299,42,21.78,914.76,Regular Air,Medium Box,08-Jul-14,2
23844,C528,Richard,06-Jul-14,Not Specified,SKU276,40,42.98,1719.2,Regular Air,Small Box,08-Jul-14,2
23877,C574,Bob,12-Jul-14,Not Specified,SKU1161,31,65.99,2045.69,Regular Air,Small Box,12-Jul-14,0
24003,C191,Bob,31-Oct-14,Critical,SKU781,49,1.76,86.24,Regular Air,Wrap Bag,02-Nov-14,2
24003,C191,Bob,31-Oct-14,Critical,SKU1199,4,35.99,143.96,Express Air,Wrap Bag,02-Nov-14,2
24003,C191,John,31-Oct-14,Critical,SKU886,50,24.98,1249,Regular Air,Small Box,01-Nov-14,1
24132,C416,John,06-Jul-14,Low,SKU456,46,7.1,326.6,Regular Air,Small Box,06-Jul-14,0
24132,C416,John,06-Jul-14,Low,SKU986,22,20.95,460.9,Regular Air,Small Box,11-Jul-14,5
24132,C416,Bob,06-Jul-14,Low,SKU453,4,6.75,27,Regular Air,Small Box,11-Jul-14,5
24231,C226,Richard,07-Aug-14,Not Specified,SKU1214,48,65.99,3167.52,Regular Air,Small Box,07-Aug-14,0
24294,C749,John,02-Aug-14,Not Specified,SKU1109,24,200.97,4823.28,Delivery Truck,Jumbo Drum,03-Aug-14,1
24391,C626,Bob,06-Mar-14,Low,SKU236,14,230.98,3233.72,Delivery Truck,Jumbo Box,10-Mar-14,4
24452,C782,Bob,07-May-14,High,SKU716,18,6.48,116.64,Regular Air,Small Box,07-May-14,0
24455,C294,Bob,06-Dec-14,Not Specified,SKU772,41,3.98,163.18,Regular Air,Wrap Bag,09-Dec-14,3
24455,C294,Bob,06-Dec-14,Not Specified,SKU999,8,20.89,167.12,Regular Air,Small Pack,08-Dec-14,2
24647,C550,Bob,04-Jun-14,Not Specified,SKU729,34,6.48,220.32,Express Air,Small Box,05-Jun-14,1
24647,C550,Bob,04-Jun-14,Not Specified,SKU1127,3,999.99,2999.97,Regular Air,Medium Box,06-Jun-14,2
24737,C708,John,06-Dec-14,High,SKU041,3,180.98,542.94,Delivery Truck,Jumbo Drum,09-Dec-14,3
24737,C708,John,06-Dec-14,High,SKU704,26,6.48,168.48,Regular Air,Small Box,07-Dec-14,1
24869,C559,Bob,10-Jun-14,Not Specified,SKU406,14,8.85,123.9,Regular Air,Small Box,11-Jun-14,1
24870,C377,Bob,24-Apr-14,Low,SKU933,45,142.86,6428.7,Regular Air,Small Box,03-May-14,9
25120,C527,Bob,04-Feb-14,Medium,SKU565,10,6.68,66.8,Regular Air,Small Box,07-Feb-14,3
25120,C527,John,04-Feb-14,Medium,SKU553,22,7.28,160.16,Regular Air,Small Box,05-Feb-14,1
25120,C527,Richard,04-Feb-14,Medium,SKU515,46,4.91,225.86,Regular Air,Small Box,06-Feb-14,2
25440,C438,Bob,06-Feb-14,High,SKU224,30,259.71,7791.3,Delivery Truck,Jumbo Box,06-Feb-14,0
25475,C460,Bob,04-Apr-14,Critical,SKU722,49,6.48,317.52,Regular Air,Small Box,04-Apr-14,0
25507,C248,John,05-Aug-14,Not Specified,SKU953,8,64.65,517.2,Regular Air,Large Box,06-Aug-14,1
25574,C640,Richard,12-Mar-14,Not Specified,SKU007,46,100.98,4645.08,Delivery Truck,Jumbo Box,12-Mar-14,0
25601,C780,Richard,05-Jan-14,Medium,SKU937,43,5.98,257.14,Regular Air,Small Box,06-Jan-14,1
25638,C342,Bob,06-Aug-14,High,SKU579,12,10.06,120.72,Regular Air,Wrap Bag,07-Aug-14,1
25638,C342,Richard,06-Aug-14,High,SKU1029,31,4.89,151.59,Regular Air,Small Pack,07-Aug-14,1
25824,C155,Richard,04-Sep-14,Medium,SKU1248,6,95.99,575.94,Regular Air,Small Box,06-Sep-14,2
25824,C155,Bob,04-Sep-14,Medium,SKU420,37,367.99,13615.63,Regular Air,Small Box,05-Sep-14,1
25824,C155,Bob,04-Sep-14,Medium,SKU312,5,3.95,19.75,Regular Air,Small Box,05-Sep-14,1
25824,C155,John,04-Sep-14,Medium,SKU233,39,376.13,14669.07,Delivery Truck,Jumbo Box,05-Sep-14,1
26016,C446,Bob,07-Oct-14,High,SKU1041,2,77.51,155.02,Regular Air,Small Box,09-Oct-14,2
26016,C446,Richard,07-Oct-14,High,SKU1220,44,45.99,2023.56,Express Air,Small Box,09-Oct-14,2
26279,C253,John,30-Jul-14,Not Specified,SKU1185,7,35.99,251.93,Regular Air,Small Pack,01-Aug-14,2
26337,C334,John,07-Nov-14,Critical,SKU511,45,3.69,166.05,Regular Air,Small Box,10-Nov-14,3
26374,C060,John,05-Nov-14,Not Specified,SKU1197,5,20.99,104.95,Regular Air,Small Pack,06-Nov-14,1
26466,C638,John,11-Jun-14,Critical,SKU1199,29,35.99,1043.71,Regular Air,Wrap Bag,12-Jun-14,1
26567,C733,Bob,04-Sep-14,Critical,SKU170,22,14.98,329.56,Regular Air,Small Pack,05-Sep-14,1
26567,C733,John,04-Sep-14,Critical,SKU1002,10,8.46,84.6,Express Air,Small Pack,07-Sep-14,3
26567,C733,John,04-Sep-14,Critical,SKU330,8,5.4,43.2,Regular Air,Small Box,04-Sep-14,0
26567,C733,Richard,04-Sep-14,Critical,SKU1147,48,155.99,7487.52,Regular Air,Small Box,05-Sep-14,1
26629,C555,Bob,10-Jul-14,High,SKU1075,38,599.99,22799.62,Regular Air,Large Box,11-Jul-14,1
26629,C555,John,10-Jul-14,High,SKU785,32,2.78,88.96,Regular Air,Wrap Bag,12-Jul-14,2
26689,C737,Richard,29-Sep-14,High,SKU171,2,99.23,198.46,Regular Air,Small Pack,02-Oct-14,3
26724,C095,Richard,06-Feb-14,Critical,SKU1127,2,999.99,1999.98,Regular Air,Medium Box,08-Feb-14,2
26881,C444,Richard,01-Aug-14,Low,SKU234,26,424.21,11029.46,Delivery Truck,Jumbo Box,05-Aug-14,4
26913,C031,Richard,29-Sep-14,High,SKU1240,11,65.99,725.89,Regular Air,Small Box,01-Oct-14,2
26944,C278,Bob,07-Nov-14,Critical,SKU1022,6,73.98,443.88,Regular Air,Small Box,10-Nov-14,3
26945,C542,Richard,05-Feb-14,Critical,SKU574,29,7.28,211.12,Regular Air,Wrap Bag,05-Feb-14,0
27013,C291,Bob,05-Jul-14,Low,SKU969,26,279.48,7266.48,Regular Air,Large Box,05-Jul-14,0
27013,C291,Richard,05-Jul-14,Low,SKU894,28,80.98,2267.44,Regular Air,Large Box,09-Jul-14,4
27111,C329,Richard,11-Mar-14,High,SKU1197,44,20.99,923.56,Express Air,Small Pack,11-Mar-14,0
27111,C329,Bob,11-Mar-14,High,SKU919,18,193.17,3477.06,Regular Air,Small Box,12-Mar-14,1
27456,C245,John,10-Apr-14,Not Specified,SKU324,29,328.14,9516.06,Delivery Truck,Jumbo Drum,11-Apr-14,1
27491,C657,John,09-Apr-14,Not Specified,SKU773,2,34.99,69.98,Regular Air,Small Box,11-Apr-14,2
27491,C657,Richard,09-Apr-14,Not Specified,SKU497,11,90.48,995.28,Regular Air,Small Box,11-Apr-14,2
27491,C657,Bob,09-Apr-14,Not Specified,SKU110,36,9.77,351.72,Regular Air,Medium Box,10-Apr-14,1
27555,C623,John,01-Sep-14,Critical,SKU570,32,6.74,215.68,Regular Air,Wrap Bag,03-Sep-14,2
27840,C489,John,03-Jul-14,High,SKU006,8,150.98,1207.84,Delivery Truck,Jumbo Box,04-Jul-14,1
27938,C578,Richard,05-May-14,Medium,SKU668,40,30.98,1239.2,Regular Air,Small Box,05-May-14,0
28002,C358,John,10-Oct-14,Critical,SKU557,5,9.11,45.55,Regular Air,Wrap Bag,12-Oct-14,2
28130,C320,John,30-Jul-14,Low,SKU399,23,15.99,367.77,Express Air,Small Box,03-Aug-14,4
28259,C743,Bob,04-Nov-14,High,SKU1040,22,10.97,241.34,Regular Air,Small Box,06-Nov-14,2
28290,C489,Richard,10-Jan-14,Low,SKU923,3,161.55,484.65,Express Air,Small Box,12-Jan-14,2
28291,C128,Richard,04-Mar-14,Critical,SKU051,14,280.98,3933.72,Delivery Truck,Jumbo Drum,05-Mar-14,1
28354,C207,Richard,27-Mar-14,Low,SKU1023,34,15.98,543.32,Regular Air,Small Box,01-Apr-14,5
28389,C497,Bob,03-Nov-14,High,SKU089,22,30.93,680.46,Regular Air,Small Pack,04-Nov-14,1
28389,C497,Richard,03-Nov-14,High,SKU247,7,296.18,2073.26,Delivery Truck,Jumbo Box,05-Nov-14,2
28389,C497,John,03-Nov-14,High,SKU1125,16,297.48,4759.68,Delivery Truck,Jumbo Drum,04-Nov-14,1
28419,C620,Richard,31-Oct-14,Low,SKU961,9,13.48,121.32,Express Air,Small Box,04-Nov-14,4
28451,C602,John,05-Jan-14,Critical,SKU183,41,209.84,8603.44,Regular Air,Large Box,06-Jan-14,1
28451,C602,John,05-Jan-14,Critical,SKU156,21,194.3,4080.3,Regular Air,Large Box,07-Jan-14,2
28451,C602,John,05-Jan-14,Critical,SKU1123,33,145.45,4799.85,Delivery Truck,Jumbo Drum,07-Jan-14,2
28675,C623,Richard,08-Oct-14,Critical,SKU1144,15,65.99,989.85,Regular Air,Small Box,09-Oct-14,1
28772,C573,Richard,06-Feb-14,High,SKU1239,4,205.99,823.96,Express Air,Small Box,08-Feb-14,2
28772,C573,Bob,06-Feb-14,High,SKU255,16,71.37,1141.92,Regular Air,Large Box,07-Feb-14,1
28774,C372,John,01-Jan-14,High,SKU937,32,5.98,191.36,Regular Air,Small Box,02-Jan-14,1
28933,C702,Bob,09-Jul-14,Critical,SKU735,38,3.98,151.24,Regular Air,Wrap Bag,10-Jul-14,1
28933,C702,Bob,09-Jul-14,Critical,SKU490,1,5.58,5.58,Regular Air,Small Box,10-Jul-14,1
28999,C307,John,10-Jan-14,High,SKU1016,34,33.98,1155.32,Regular Air,Small Pack,11-Jan-14,1
29127,C743,Richard,31-Mar-14,Critical,SKU812,18,1.68,30.24,Regular Air,Wrap Bag,02-Apr-14,2
29187,C638,Richard,31-Jul-14,Low,SKU429,8,2.16,17.28,Regular Air,Small Box,04-Aug-14,4
29187,C638,Bob,31-Jul-14,Low,SKU408,5,24.92,124.6,Regular Air,Small Box,04-Aug-14,4
29187,C638,Richard,31-Jul-14,Low,SKU879,42,10.98,461.16,Regular Air,Small Pack,04-Aug-14,4
29187,C638,John,31-Jul-14,Low,SKU1104,35,808.49,28297.15,Delivery Truck,Jumbo Drum,07-Aug-14,7
29187,C638,Richard,31-Jul-14,Low,SKU721,10,6.48,64.8,Regular Air,Small Box,07-Aug-14,7
29219,C558,Richard,10-Apr-14,Not Specified,SKU824,29,7.08,205.32,Regular Air,Wrap Bag,11-Apr-14,1
29252,C053,Bob,06-Aug-14,Low,SKU704,9,6.48,58.32,Regular Air,Small Box,10-Aug-14,4
29284,C211,John,10-Apr-14,Medium,SKU232,20,400.98,8019.6,Delivery Truck,Jumbo Box,12-Apr-14,2
29287,C252,Bob,02-Jul-14,High,SKU367,50,5.74,287,Regular Air,Small Box,04-Jul-14,2
29287,C252,Bob,02-Jul-14,High,SKU1099,49,270.97,13277.53,Delivery Truck,Jumbo Drum,04-Jul-14,2
29889,C583,Bob,04-Dec-14,Not Specified,SKU770,44,5.98,263.12,Regular Air,Wrap Bag,07-Dec-14,3
30016,C089,John,03-Jan-14,Critical,SKU731,15,5.28,79.2,Regular Air,Small Box,05-Jan-14,2
30016,C089,John,03-Jan-14,Critical,SKU1244,8,110.99,887.92,Regular Air,Small Box,06-Jan-14,3
30053,C487,Richard,01-Feb-14,Critical,SKU1112,41,80.97,3319.77,Delivery Truck,Jumbo Drum,03-Feb-14,2
30083,C482,Bob,08-Jan-14,Not Specified,SKU261,23,14.56,334.88,Regular Air,Small Box,09-Jan-14,1
30214,C436,Richard,04-Oct-14,Low,SKU364,38,10.44,396.72,Express Air,Small Box,11-Oct-14,7
30278,C340,John,30-Sep-14,Low,SKU1174,50,65.99,3299.5,Regular Air,Small Box,09-Oct-14,9
30341,C506,John,31-Jan-14,Low,SKU577,30,4.98,149.4,Regular Air,Wrap Bag,07-Feb-14,7
30759,C100,John,08-May-14,Not Specified,SKU197,2,29.34,58.68,Regular Air,Small Box,10-May-14,2
30785,C566,Bob,03-Jul-14,High,SKU809,38,9.93,377.34,Regular Air,Wrap Bag,06-Jul-14,3
30785,C566,Bob,03-Jul-14,High,SKU727,7,6.48,45.36,Regular Air,Small Box,05-Jul-14,2
31078,C279,Richard,10-Feb-14,Critical,SKU1132,7,13.99,97.93,Regular Air,Medium Box,11-Feb-14,1
31171,C587,Richard,08-Apr-14,Not Specified,SKU436,37,4.55,168.35,Regular Air,Small Box,09-Apr-14,1
31364,C088,Richard,01-May-14,Not Specified,SKU900,2,415.88,831.76,Regular Air,Small Box,01-May-14,0
31426,C316,Richard,05-Aug-14,Low,SKU1211,40,125.99,5039.6,Regular Air,Small Box,09-Aug-14,4
31553,C692,Bob,10-Jan-14,Critical,SKU481,32,162.93,5213.76,Regular Air,Small Box,12-Jan-14,2
31715,C498,Bob,09-Jan-14,Not Specified,SKU799,24,2.78,66.72,Regular Air,Wrap Bag,11-Jan-14,2
31715,C498,Richard,09-Jan-14,Not Specified,SKU797,44,3.28,144.32,Regular Air,Wrap Bag,09-Jan-14,0
31715,C498,John,09-Jan-14,Not Specified,SKU338,11,5.38,59.18,Regular Air,Small Box,10-Jan-14,1
32291,C244,John,05-Nov-14,Medium,SKU909,4,15.14,60.56,Regular Air,Small Box,06-Nov-14,1
32291,C244,John,05-Nov-14,Medium,SKU209,13,12.99,168.87,Regular Air,Large Box,05-Nov-14,0
32295,C602,Richard,07-Jan-14,High,SKU1209,11,65.99,725.89,Regular Air,Small Box,08-Jan-14,1
32418,C495,Bob,05-Jan-14,Not Specified,SKU057,5,243.98,1219.9,Delivery Truck,Jumbo Drum,06-Jan-14,1
32675,C396,Bob,03-Nov-14,High,SKU257,20,349.45,6989,Delivery Truck,Jumbo Drum,04-Nov-14,1
32676,C405,John,01-Feb-14,Critical,SKU1067,37,45.19,1672.03,Regular Air,Small Pack,04-Feb-14,3
32706,C506,Richard,04-Jul-14,Critical,SKU1116,5,399.98,1999.9,Delivery Truck,Jumbo Box,06-Jul-14,2
33090,C218,Bob,05-Aug-14,Medium,SKU896,26,37.76,981.76,Regular Air,Small Box,06-Aug-14,1
33317,C360,Bob,11-May-14,High,SKU925,5,9.71,48.55,Regular Air,Small Box,11-May-14,0
33317,C360,Bob,11-May-14,High,SKU429,18,2.16,38.88,Regular Air,Small Box,12-May-14,1
33569,C511,John,28-Aug-14,Low,SKU096,9,14.2,127.8,Regular Air,Wrap Bag,01-Sep-14,4
33696,C101,Bob,07-May-14,High,SKU982,2,27.48,54.96,Regular Air,Small Box,09-May-14,2
33699,C776,Bob,26-Jul-14,Low,SKU944,18,16.74,301.32,Regular Air,Small Box,02-Aug-14,7
33701,C128,Richard,01-Oct-14,Medium,SKU372,35,67.28,2354.8,Express Air,Small Box,03-Oct-14,2
33797,C101,Richard,11-Jan-14,Not Specified,SKU1125,20,297.64,5952.8,Delivery Truck,Jumbo Drum,11-Jan-14,0
33797,C101,John,11-Jan-14,Not Specified,SKU300,18,14.42,259.56,Regular Air,Medium Box,12-Jan-14,1
33797,C101,Bob,11-Jan-14,Not Specified,SKU612,18,11.34,204.12,Regular Air,Small Box,11-Jan-14,0
33797,C101,Richard,11-Jan-14,Not Specified,SKU209,44,12.99,571.56,Regular Air,Large Box,12-Jan-14,1
33923,C084,Richard,07-Jan-14,Low,SKU1209,34,65.99,2243.66,Regular Air,Small Box,11-Jan-14,4
33959,C080,Richard,31-Jul-14,Critical,SKU216,23,15.23,350.29,Delivery Truck,Jumbo Box,01-Aug-14,1
33988,C642,Bob,10-Jan-14,Medium,SKU1012,30,5.02,150.6,Regular Air,Small Pack,11-Jan-14,1
34275,C313,John,01-Jul-14,Low,SKU733,27,4.84,130.68,Regular Air,Wrap Bag,03-Jul-14,2
34276,C315,John,01-Jul-14,Low,SKU1111,3,2036.48,6109.44,Delivery Truck,Jumbo Drum,06-Jul-14,5
34311,C547,Bob,05-Sep-14,High,SKU801,39,3.28,127.92,Regular Air,Wrap Bag,06-Sep-14,1
34311,C547,John,05-Sep-14,High,SKU907,32,6.98,223.36,Regular Air,Small Box,07-Sep-14,2
34374,C288,Bob,30-Jun-14,Low,SKU975,42,8.33,349.86,Regular Air,Small Pack,07-Jul-14,7
34432,C581,Richard,07-Apr-14,Not Specified,SKU510,20,12.53,250.6,Regular Air,Small Box,08-Apr-14,1
34432,C581,Bob,07-Apr-14,Not Specified,SKU929,3,178.47,535.41,Regular Air,Small Box,08-Apr-14,1
34435,C415,Richard,05-Aug-14,Low,SKU829,42,10.48,440.16,Regular Air,Small Pack,07-Aug-14,2
34497,C748,Bob,10-Mar-14,Medium,SKU674,36,4.98,179.28,Regular Air,Small Box,11-Mar-14,1
34497,C748,Bob,10-Mar-14,Medium,SKU700,25,22.84,571,Regular Air,Small Box,12-Mar-14,2
34788,C014,Richard,09-Nov-14,High,SKU650,4,5.98,23.92,Regular Air,Small Box,11-Nov-14,2
34883,C608,Richard,04-Nov-14,Critical,SKU1199,31,35.99,1115.69,Regular Air,Wrap Bag,05-Nov-14,1
35136,C610,Richard,08-Oct-14,Critical,SKU810,23,2.94,67.62,Regular Air,Wrap Bag,09-Oct-14,1
35200,C629,Richard,05-Feb-14,Medium,SKU149,15,9.98,149.7,Regular Air,Small Box,07-Feb-14,2
35361,C176,Bob,06-Apr-14,Medium,SKU558,40,18.97,758.8,Express Air,Small Box,07-Apr-14,1
35361,C176,Richard,06-Apr-14,Medium,SKU582,37,8.34,308.58,Regular Air,Small Box,07-Apr-14,1
35461,C411,Bob,01-Jun-14,Critical,SKU355,11,4.49,49.39,Regular Air,Small Box,01-Jun-14,0
35461,C411,John,01-Jun-14,Critical,SKU865,30,3.68,110.4,Regular Air,Wrap Bag,02-Jun-14,1
35776,C301,Bob,04-Feb-14,Medium,SKU839,36,5.81,209.16,Regular Air,Wrap Bag,06-Feb-14,2
35776,C301,Richard,04-Feb-14,Medium,SKU427,9,12.97,116.73,Regular Air,Small Box,06-Feb-14,2
36067,C208,Richard,04-Jul-14,High,SKU903,37,165.2,6112.4,Express Air,Small Box,06-Jul-14,2
36068,C053,Richard,05-Feb-14,Critical,SKU323,23,279.81,6435.63,Delivery Truck,Jumbo Drum,06-Feb-14,1
36069,C064,Bob,05-Dec-14,Low,SKU643,20,4.98,99.6,Regular Air,Small Box,07-Dec-14,2
36069,C064,John,05-Dec-14,Low,SKU494,13,35.94,467.22,Regular Air,Small Box,10-Dec-14,5
36069,C064,Bob,05-Dec-14,Low,SKU204,15,170.98,2564.7,Regular Air,Medium Box,12-Dec-14,7
36224,C646,Richard,03-May-14,Medium,SKU268,15,120.98,1814.7,Express Air,Small Box,05-May-14,2
36230,C763,Bob,10-Jun-14,High,SKU1007,7,7.28,50.96,Regular Air,Small Pack,10-Jun-14,0
36355,C048,John,02-Dec-14,Medium,SKU330,9,5.4,48.6,Express Air,Small Box,02-Dec-14,0
36355,C048,John,02-Dec-14,Medium,SKU881,43,2.08,89.44,Regular Air,Small Pack,03-Dec-14,1
36355,C048,Bob,02-Dec-14,Medium,SKU198,6,20.28,121.68,Regular Air,Small Box,02-Dec-14,0
36355,C048,Bob,02-Dec-14,Medium,SKU779,10,11.55,115.5,Regular Air,Wrap Bag,03-Dec-14,1
36416,C691,John,30-Nov-14,Low,SKU707,44,6.48,285.12,Regular Air,Small Box,04-Dec-14,4
36416,C691,Richard,30-Nov-14,Low,SKU819,46,2.88,132.48,Regular Air,Wrap Bag,04-Dec-14,4
36452,C274,Bob,05-Apr-14,High,SKU350,26,22.38,581.88,Regular Air,Small Box,06-Apr-14,1
36452,C274,Richard,05-Apr-14,High,SKU168,18,6.98,125.64,Regular Air,Small Pack,07-Apr-14,2
36647,C162,Richard,30-Jun-14,High,SKU925,18,9.71,174.78,Regular Air,Small Box,03-Jul-14,3
36647,C162,Bob,30-Jun-14,High,SKU865,16,3.68,58.88,Regular Air,Wrap Bag,01-Jul-14,1
36647,C162,John,30-Jun-14,High,SKU860,21,7.89,165.69,Regular Air,Wrap Bag,01-Jul-14,1
36739,C586,Bob,08-Oct-14,Not Specified,SKU092,27,12.22,329.94,Regular Air,Small Pack,08-Oct-14,0
36739,C586,Richard,08-Oct-14,Not Specified,SKU422,16,3.98,63.68,Regular Air,Small Box,10-Oct-14,2
36867,C709,Bob,05-Sep-14,High,SKU803,16,2.88,46.08,Regular Air,Wrap Bag,07-Sep-14,2
36867,C709,John,05-Sep-14,High,SKU077,21,276.2,5800.2,Express Air,Large Box,07-Sep-14,2
36896,C793,Bob,03-Nov-14,Critical,SKU936,21,167.27,3512.67,Regular Air,Large Box,03-Nov-14,0
36896,C793,John,03-Nov-14,Critical,SKU159,41,25.38,1040.58,Express Air,Small Pack,06-Nov-14,3
36896,C793,John,03-Nov-14,Critical,SKU516,12,2.61,31.32,Regular Air,Small Box,05-Nov-14,2
36932,C775,Richard,07-Jul-14,Low,SKU924,20,33.89,677.8,Regular Air,Small Box,12-Jul-14,5
36992,C020,John,07-Dec-14,Medium,SKU870,34,12.98,441.32,Express Air,Small Pack,09-Dec-14,2
37025,C771,Richard,10-Nov-14,High,SKU1032,37,17.48,646.76,Regular Air,Small Pack,11-Nov-14,1
37319,C785,John,04-Aug-14,Critical,SKU270,37,10.89,402.93,Regular Air,Small Box,06-Aug-14,2
37447,C578,Richard,08-Jul-14,Low,SKU379,23,5.81,133.63,Regular Air,Small Box,12-Jul-14,4
37473,C763,Richard,01-Oct-14,Low,SKU864,42,2.18,91.56,Regular Air,Wrap Bag,05-Oct-14,4
37473,C763,Richard,01-Oct-14,Low,SKU552,8,5.18,41.44,Regular Air,Wrap Bag,01-Oct-14,0
37510,C631,Richard,08-Mar-14,Critical,SKU923,15,161.55,2423.25,Regular Air,Small Box,08-Mar-14,0
37537,C015,Bob,02-Jan-14,Low,SKU063,43,100.98,4342.14,Delivery Truck,Jumbo Drum,04-Jan-14,2
37537,C015,Richard,02-Jan-14,Low,SKU902,32,155.06,4961.92,Regular Air,Small Box,09-Jan-14,7
37537,C015,Bob,02-Jan-14,Low,SKU052,4,291.73,1166.92,Delivery Truck,Jumbo Drum,02-Jan-14,0
37696,C780,Richard,09-Jul-14,Not Specified,SKU334,5,3.81,19.05,Regular Air,Small Box,11-Jul-14,2
37696,C780,Richard,09-Jul-14,Not Specified,SKU560,41,4,164,Regular Air,Wrap Bag,09-Jul-14,0
37700,C698,Bob,08-Dec-14,Critical,SKU409,27,122.99,3320.73,Express Air,Small Box,11-Dec-14,3
37731,C618,Richard,04-Nov-14,Critical,SKU517,25,3.75,93.75,Regular Air,Small Box,06-Nov-14,2
37731,C618,Bob,04-Nov-14,Critical,SKU668,24,30.98,743.52,Regular Air,Small Box,04-Nov-14,0
37793,C240,Bob,08-Nov-14,Not Specified,SKU868,16,13.9,222.4,Regular Air,Small Pack,09-Nov-14,1
37859,C764,John,30-Mar-14,Critical,SKU612,2,11.34,22.68,Regular Air,Small Box,01-Apr-14,2
37926,C635,John,08-Sep-14,Critical,SKU779,31,11.55,358.05,Regular Air,Wrap Bag,10-Sep-14,2
37987,C530,Bob,03-Jul-14,High,SKU536,26,12.53,325.78,Regular Air,Small Box,04-Jul-14,1
37987,C530,Richard,03-Jul-14,High,SKU226,5,146.34,731.7,Delivery Truck,Jumbo Box,04-Jul-14,1
38371,C226,Richard,08-Nov-14,Not Specified,SKU1043,24,83.1,1994.4,Express Air,Small Box,09-Nov-14,1
38503,C524,Richard,05-May-14,Low,SKU215,32,23.99,767.68,Delivery Truck,Jumbo Drum,09-May-14,4
38503,C524,John,05-May-14,Low,SKU268,47,120.98,5686.06,Regular Air,Small Box,05-May-14,0
38503,C524,Richard,05-May-14,Low,SKU1195,10,55.99,559.9,Regular Air,Small Pack,05-May-14,0
38529,C201,Bob,02-Feb-14,Low,SKU849,38,1.14,43.32,Regular Air,Wrap Bag,02-Feb-14,0
38564,C789,Bob,02-Nov-14,Critical,SKU523,21,4.13,86.73,Express Air,Small Box,04-Nov-14,2
38564,C789,Richard,02-Nov-14,Critical,SKU1045,31,30.97,960.07,Regular Air,Small Box,03-Nov-14,1
38566,C733,Bob,02-Nov-14,Critical,SKU051,37,280.98,10396.26,Delivery Truck,Jumbo Drum,05-Nov-14,3
38594,C652,Richard,01-Dec-14,Medium,SKU974,26,39.48,1026.48,Regular Air,Small Pack,02-Dec-14,1
38756,C083,John,07-May-14,Critical,SKU1252,43,65.99,2837.57,Express Air,Small Box,09-May-14,2
38852,C263,John,01-Nov-14,Not Specified,SKU351,25,5.98,149.5,Regular Air,Small Box,03-Nov-14,2
38886,C785,Bob,07-Aug-14,High,SKU832,26,6.7,174.2,Express Air,Wrap Bag,09-Aug-14,2
38913,C211,Richard,06-Sep-14,Not Specified,SKU414,7,31.74,222.18,Regular Air,Small Box,06-Sep-14,0
38947,C151,Richard,29-Nov-14,Critical,SKU103,20,14.58,291.6,Regular Air,Small Box,01-Dec-14,2
38978,C573,Richard,03-Aug-14,Low,SKU071,24,180.98,4343.52,Delivery Truck,Jumbo Drum,05-Aug-14,2
39015,C484,Richard,06-Dec-14,Medium,SKU703,11,6.48,71.28,Regular Air,Small Box,06-Dec-14,0
39015,C484,John,06-Dec-14,Medium,SKU1116,13,399.98,5199.74,Delivery Truck,Jumbo Box,06-Dec-14,0
39076,C764,Richard,11-Dec-14,Critical,SKU648,41,5.28,216.48,Regular Air,Small Box,12-Dec-14,1
39141,C379,Bob,03-May-14,Low,SKU491,49,30.98,1518.02,Regular Air,Small Box,05-May-14,2
39141,C379,Bob,03-May-14,Low,SKU155,47,49.34,2318.98,Regular Air,Large Box,05-May-14,2
39367,C225,Bob,06-Aug-14,Critical,SKU342,45,4.13,185.85,Regular Air,Small Box,07-Aug-14,1
39367,C225,Richard,06-Aug-14,Critical,SKU472,30,4.48,134.4,Regular Air,Small Box,08-Aug-14,2
39460,C713,Bob,02-May-14,Not Specified,SKU456,25,7.1,177.5,Regular Air,Small Box,04-May-14,2
39460,C713,Richard,02-May-14,Not Specified,SKU1211,19,125.99,2393.81,Regular Air,Small Box,03-May-14,1
39589,C584,John,02-Aug-14,Critical,SKU525,20,4.91,98.2,Regular Air,Small Box,02-Aug-14,0
39589,C584,Bob,02-Aug-14,Critical,SKU427,42,12.97,544.74,Regular Air,Small Box,03-Aug-14,1
39744,C048,Richard,06-Jul-14,Medium,SKU1204,41,155.99,6395.59,Regular Air,Small Box,07-Jul-14,1
39744,C048,Bob,06-Jul-14,Medium,SKU579,6,10.06,60.36,Regular Air,Wrap Bag,08-Jul-14,2
39744,C048,Richard,06-Jul-14,Medium,SKU1144,9,65.99,593.91,Regular Air,Small Box,08-Jul-14,2
39780,C165,Bob,07-Jun-14,Low,SKU205,48,45.98,2207.04,Regular Air,Wrap Bag,09-Jun-14,2
39844,C382,Richard,01-Dec-14,Not Specified,SKU920,47,95.43,4485.21,Regular Air,Small Box,02-Dec-14,1
39845,C699,Bob,06-Sep-14,Critical,SKU625,44,9.99,439.56,Regular Air,Small Box,07-Sep-14,1
39846,C167,John,27-Feb-14,Low,SKU1010,14,4.98,69.72,Regular Air,Small Pack,06-Mar-14,7
39846,C167,Richard,27-Feb-14,Low,SKU018,10,130.98,1309.8,Delivery Truck,Jumbo Box,06-Mar-14,7
39904,C018,Richard,02-Feb-14,Not Specified,SKU087,44,8.09,355.96,Regular Air,Small Box,03-Feb-14,1
39908,C568,John,10-May-14,Low,SKU773,23,34.99,804.77,Regular Air,Small Box,12-May-14,2
40101,C392,John,31-Jan-14,Low,SKU1060,46,49.99,2299.54,Express Air,Small Box,05-Feb-14,5
40224,C667,John,30-Jun-14,Low,SKU177,14,63.94,895.16,Express Air,Small Box,07-Jul-14,7
40258,C536,Richard,09-Apr-14,Not Specified,SKU785,29,2.78,80.62,Regular Air,Wrap Bag,10-Apr-14,1
40258,C536,Richard,09-Apr-14,Not Specified,SKU301,31,14.81,459.11,Regular Air,Small Box,11-Apr-14,2
40261,C279,John,04-Nov-14,Critical,SKU793,26,2.94,76.44,Regular Air,Wrap Bag,06-Nov-14,2
40261,C279,Bob,04-Nov-14,Critical,SKU583,36,9.06,326.16,Express Air,Small Box,06-Nov-14,2
40354,C591,John,03-Jan-14,High,SKU235,4,212.6,850.4,Delivery Truck,Jumbo Box,04-Jan-14,1
40354,C591,Richard,03-Jan-14,High,SKU352,29,5.58,161.82,Regular Air,Small Box,04-Jan-14,1
40544,C536,Bob,06-Apr-14,Low,SKU208,39,60.65,2365.35,Regular Air,Medium Box,08-Apr-14,2
40547,C183,Richard,09-Jul-14,Critical,SKU1263,45,179.99,8099.55,Express Air,Medium Box,11-Jul-14,2
40704,C411,Richard,07-Jan-14,Low,SKU781,6,1.76,10.56,Regular Air,Wrap Bag,12-Jan-14,5
40902,C731,Bob,07-Jul-14,Low,SKU456,25,7.1,177.5,Regular Air,Small Box,09-Jul-14,2
40998,C580,John,02-May-14,Medium,SKU560,39,4,156,Regular Air,Wrap Bag,04-May-14,2
40998,C580,Bob,02-May-14,Medium,SKU1066,43,29.89,1285.27,Regular Air,Small Pack,03-May-14,1
41094,C493,Richard,06-Jan-14,Low,SKU727,46,6.48,298.08,Regular Air,Small Box,08-Jan-14,2
41094,C493,John,06-Jan-14,Low,SKU963,6,20.34,122.04,Regular Air,Large Box,10-Jan-14,4
41153,C011,Bob,02-Mar-14,Medium,SKU985,29,30.73,891.17,Regular Air,Small Box,03-Mar-14,1
41154,C649,Bob,30-Apr-14,Low,SKU807,43,21.98,945.14,Regular Air,Small Pack,02-May-14,2
41185,C079,Bob,06-Dec-14,Critical,SKU673,2,5.78,11.56,Regular Air,Small Box,07-Dec-14,1
41216,C434,John,01-Jul-14,Not Specified,SKU368,8,29.17,233.36,Regular Air,Small Box,02-Jul-14,1
41216,C434,John,01-Jul-14,Not Specified,SKU227,45,179.29,8068.05,Delivery Truck,Jumbo Box,03-Jul-14,2
41253,C716,Richard,07-May-14,Medium,SKU995,5,300.97,1504.85,Regular Air,Small Box,09-May-14,2
41282,C254,Bob,04-Jul-14,Medium,SKU408,39,24.92,971.88,Regular Air,Small Box,06-Jul-14,2
41543,C089,Bob,06-Feb-14,Low,SKU072,45,160.98,7244.1,Delivery Truck,Jumbo Drum,10-Feb-14,4
41543,C089,Richard,06-Feb-14,Low,SKU1237,24,65.99,1583.76,Regular Air,Small Box,10-Feb-14,4
41604,C251,Richard,10-Feb-14,Medium,SKU373,22,6.37,140.14,Regular Air,Small Box,11-Feb-14,1
41728,C018,Richard,30-Sep-14,High,SKU391,28,896.99,25115.72,Regular Air,Small Box,02-Oct-14,2
41728,C018,Bob,30-Sep-14,High,SKU056,10,243.98,2439.8,Delivery Truck,Jumbo Drum,01-Oct-14,1
41764,C429,John,05-Oct-14,Not Specified,SKU237,16,320.64,5130.24,Delivery Truck,Jumbo Box,07-Oct-14,2
41765,C787,John,09-Dec-14,Medium,SKU369,41,4.98,204.18,Regular Air,Small Box,11-Dec-14,2
41888,C786,John,28-Feb-14,Low,SKU411,18,120.98,2177.64,Regular Air,Small Box,09-Mar-14,9
41888,C786,John,28-Feb-14,Low,SKU1003,23,8.32,191.36,Express Air,Small Pack,04-Mar-14,4
41988,C506,John,04-Feb-14,Low,SKU917,14,13.43,188.02,Regular Air,Small Box,08-Feb-14,4
41988,C506,Bob,04-Feb-14,Low,SKU1123,33,145.45,4799.85,Delivery Truck,Jumbo Drum,04-Feb-14,0
41988,C506,John,04-Feb-14,Low,SKU065,18,33.94,610.92,Delivery Truck,Jumbo Drum,08-Feb-14,4
42242,C747,Bob,01-Apr-14,Not Specified,SKU994,15,100.97,1514.55,Regular Air,Small Box,02-Apr-14,1
42242,C747,John,01-Apr-14,Not Specified,SKU416,23,11.5,264.5,Express Air,Small Box,02-Apr-14,1
42242,C747,Bob,01-Apr-14,Not Specified,SKU1084,23,99.99,2299.77,Regular Air,Small Box,02-Apr-14,1
42279,C325,John,30-Jun-14,Not Specified,SKU1028,44,30.98,1363.12,Express Air,Small Box,01-Jul-14,1
42309,C523,John,06-Aug-14,Low,SKU863,26,1.86,48.36,Regular Air,Wrap Bag,11-Aug-14,5
42309,C523,Richard,06-Aug-14,Low,SKU1260,38,205.99,7827.62,Regular Air,Small Box,11-Aug-14,5
42309,C523,Richard,06-Aug-14,Low,SKU317,41,20.48,839.68,Regular Air,Small Box,08-Aug-14,2
42338,C005,Bob,02-Nov-14,Not Specified,SKU137,14,4.14,57.96,Regular Air,Small Box,04-Nov-14,2
42338,C005,Richard,02-Nov-14,Not Specified,SKU1232,32,65.99,2111.68,Regular Air,Small Box,04-Nov-14,2
42339,C138,Bob,12-Feb-14,Critical,SKU702,31,6.48,200.88,Regular Air,Small Box,12-Feb-14,0
42342,C090,Richard,04-Sep-14,Not Specified,SKU256,43,286.85,12334.55,Delivery Truck,Jumbo Box,06-Sep-14,2
42342,C090,John,04-Sep-14,Not Specified,SKU635,25,12.28,307,Regular Air,Small Box,05-Sep-14,1
42599,C022,John,06-Apr-14,Medium,SKU003,31,300.98,9330.38,Delivery Truck,Jumbo Box,07-Apr-14,1
42631,C370,John,09-May-14,High,SKU510,18,12.53,225.54,Regular Air,Small Box,10-May-14,1
42631,C370,John,09-May-14,High,SKU1212,22,65.99,1451.78,Express Air,Small Box,11-May-14,2
42631,C370,Richard,09-May-14,High,SKU666,44,6.68,293.92,Regular Air,Small Box,10-May-14,1
42631,C370,Bob,09-May-14,High,SKU1053,41,6.48,265.68,Regular Air,Small Pack,09-May-14,0
42693,C205,Richard,04-Apr-14,High,SKU890,33,59.76,1972.08,Regular Air,Small Box,06-Apr-14,2
42851,C647,John,01-Jun-14,High,SKU850,4,4.71,18.84,Express Air,Wrap Bag,02-Jun-14,1
42851,C647,John,01-Jun-14,High,SKU1192,7,55.99,391.93,Express Air,Small Pack,02-Jun-14,1
42981,C731,Bob,30-May-14,Critical,SKU391,4,896.99,3587.96,Regular Air,Small Box,01-Jun-14,2
43172,C477,Bob,03-Jul-14,Low,SKU844,19,1.48,28.12,Regular Air,Wrap Bag,05-Jul-14,2
43269,C348,John,10-Apr-14,Critical,SKU388,24,165.98,3983.52,Regular Air,Small Box,12-Apr-14,2
43269,C348,John,10-Apr-14,Critical,SKU620,16,48.91,782.56,Regular Air,Small Box,12-Apr-14,2
43399,C123,Bob,30-Jul-14,High,SKU228,2,218.75,437.5,Delivery Truck,Jumbo Box,01-Aug-14,2
43399,C123,Bob,30-Jul-14,High,SKU603,8,15.04,120.32,Regular Air,Wrap Bag,01-Aug-14,2
43554,C620,Richard,30-Oct-14,Critical,SKU595,9,3.6,32.4,Regular Air,Wrap Bag,02-Nov-14,3
43590,C325,John,10-Sep-14,Critical,SKU079,24,128.24,3077.76,Express Air,Medium Box,12-Sep-14,2
43909,C148,Bob,07-Jan-14,High,SKU399,46,15.99,735.54,Regular Air,Small Box,08-Jan-14,1
44002,C392,Richard,07-Feb-14,Medium,SKU644,46,6.68,307.28,Regular Air,Small Box,09-Feb-14,2
44002,C392,John,07-Feb-14,Medium,SKU940,14,17.7,247.8,Regular Air,Small Box,07-Feb-14,0
44069,C256,John,02-Jan-14,Critical,SKU557,16,9.11,145.76,Express Air,Wrap Bag,04-Jan-14,2
44069,C256,John,02-Jan-14,Critical,SKU603,43,15.04,646.72,Regular Air,Wrap Bag,02-Jan-14,0
44134,C297,Bob,30-Oct-14,High,SKU158,35,17.67,618.45,Regular Air,Small Pack,01-Nov-14,2
44225,C582,Bob,03-Apr-14,High,SKU118,29,62.18,1803.22,Regular Air,Medium Box,05-Apr-14,2
44231,C021,Richard,03-Nov-14,Not Specified,SKU1156,24,115.99,2783.76,Regular Air,Small Box,04-Nov-14,1
44231,C021,Richard,03-Nov-14,Not Specified,SKU072,11,160.98,1770.78,Delivery Truck,Jumbo Drum,05-Nov-14,2
44231,C021,Richard,03-Nov-14,Not Specified,SKU980,43,17.98,773.14,Regular Air,Small Box,05-Nov-14,2
44294,C309,Bob,03-Jun-14,Low,SKU967,13,20.98,272.74,Delivery Truck,Jumbo Drum,03-Jun-14,0
44294,C309,John,03-Jun-14,Low,SKU702,15,6.48,97.2,Express Air,Small Box,10-Jun-14,7
44294,C309,Richard,03-Jun-14,Low,SKU1232,8,65.99,527.92,Regular Air,Small Box,05-Jun-14,2
44325,C493,Richard,10-Feb-14,Medium,SKU094,44,20.28,892.32,Regular Air,Small Box,12-Feb-14,2
44387,C266,John,04-Feb-14,Low,SKU1066,50,29.89,1494.5,Express Air,Small Pack,09-Feb-14,5
44387,C266,Richard,04-Feb-14,Low,SKU582,20,8.34,166.8,Regular Air,Small Box,08-Feb-14,4
44391,C042,John,10-Jan-14,Not Specified,SKU705,16,6.48,103.68,Regular Air,Small Box,11-Jan-14,1
44487,C332,John,11-Sep-14,Critical,SKU144,4,6.28,25.12,Regular Air,Small Box,12-Sep-14,1
44583,C218,Richard,04-Oct-14,Low,SKU311,6,2.22,13.32,Regular Air,Small Box,09-Oct-14,5
44583,C218,Richard,04-Oct-14,Low,SKU096,21,14.2,298.2,Regular Air,Wrap Bag,06-Oct-14,2
44772,C240,Bob,31-Mar-14,Not Specified,SKU1195,1,55.99,55.99,Express Air,Small Pack,02-Apr-14,2
44836,C737,Richard,11-Sep-14,Medium,SKU351,21,5.98,125.58,Regular Air,Small Box,12-Sep-14,1
44995,C490,John,06-Aug-14,High,SKU1234,46,28.99,1333.54,Regular Air,Medium Box,07-Aug-14,1
45120,C262,Richard,09-Apr-14,Critical,SKU1106,39,400.97,15637.83,Delivery Truck,Jumbo Box,10-Apr-14,1
45218,C648,Bob,10-May-14,Low,SKU1053,49,6.48,317.52,Regular Air,Small Pack,12-May-14,2
45380,C144,Bob,30-Apr-14,Critical,SKU1161,34,65.99,2243.66,Express Air,Small Box,01-May-14,1
45380,C144,Richard,30-Apr-14,Critical,SKU1221,24,195.99,4703.76,Express Air,Small Box,02-May-14,2
45414,C302,John,11-Feb-14,Critical,SKU287,17,60.98,1036.66,Regular Air,Large Box,12-Feb-14,1
45539,C312,John,02-Aug-14,Not Specified,SKU740,27,3.38,91.26,Regular Air,Wrap Bag,04-Aug-14,2
45539,C312,Richard,02-Aug-14,Not Specified,SKU1031,15,16.48,247.2,Express Air,Small Pack,04-Aug-14,2
45731,C506,John,10-Aug-14,Critical,SKU247,44,296.18,13031.92,Delivery Truck,Jumbo Box,11-Aug-14,1
45732,C300,John,10-Aug-14,Critical,SKU1183,35,85.99,3009.65,Regular Air,Small Pack,12-Aug-14,2
45732,C300,John,10-Aug-14,Critical,SKU623,19,6.48,123.12,Express Air,Small Box,11-Aug-14,1
45824,C246,Bob,06-Dec-14,Not Specified,SKU061,44,140.81,6195.64,Regular Air,Large Box,08-Dec-14,2
45959,C657,Bob,06-Dec-14,Medium,SKU402,15,12.53,187.95,Express Air,Small Box,08-Dec-14,2
45959,C657,Richard,06-Dec-14,Medium,SKU1068,35,49.99,1749.65,Regular Air,Small Box,08-Dec-14,2
45988,C211,John,01-Sep-14,Critical,SKU128,43,90.98,3912.14,Express Air,Medium Box,02-Sep-14,1
46018,C414,Richard,11-Aug-14,Medium,SKU1113,31,90.97,2820.07,Delivery Truck,Jumbo Drum,12-Aug-14,1
46021,C746,Richard,02-Mar-14,High,SKU023,1,170.98,170.98,Delivery Truck,Jumbo Box,04-Mar-14,2
46113,C573,Bob,02-Dec-14,Not Specified,SKU086,18,136.98,2465.64,Express Air,Large Box,03-Dec-14,1
46151,C768,John,08-Nov-14,Critical,SKU358,23,8.6,197.8,Regular Air,Small Box,10-Nov-14,2
46244,C061,Richard,02-Jul-14,Medium,SKU066,10,60.98,609.8,Delivery Truck,Jumbo Drum,03-Jul-14,1
46244,C061,Richard,02-Jul-14,Medium,SKU1032,9,17.48,157.32,Regular Air,Small Pack,04-Jul-14,2
46436,C583,Bob,04-Apr-14,Low,SKU1191,46,35.99,1655.54,Regular Air,Small Pack,11-Apr-14,7
46499,C304,Richard,07-Jun-14,Critical,SKU843,10,1.26,12.6,Regular Air,Wrap Bag,08-Jun-14,1
46499,C304,John,07-Jun-14,Critical,SKU282,22,4.06,89.32,Regular Air,Small Box,09-Jun-14,2
46499,C304,Bob,07-Jun-14,Critical,SKU263,1,44.01,44.01,Regular Air,Small Box,08-Jun-14,1
46528,C253,Richard,06-Dec-14,Medium,SKU206,43,70.71,3040.53,Express Air,Wrap Bag,08-Dec-14,2
46528,C253,John,06-Dec-14,Medium,SKU659,23,18.97,436.31,Regular Air,Small Box,09-Dec-14,3
46533,C394,John,07-Oct-14,High,SKU1237,12,65.99,791.88,Express Air,Small Box,09-Oct-14,2
46533,C394,Richard,07-Oct-14,High,SKU127,3,55.5,166.5,Regular Air,Medium Box,08-Oct-14,1
46627,C278,John,11-Jun-14,Critical,SKU648,3,5.28,15.84,Regular Air,Small Box,12-Jun-14,1
46627,C278,Bob,11-Jun-14,Critical,SKU1174,24,65.99,1583.76,Regular Air,Small Box,12-Jun-14,1
46848,C388,John,10-Nov-14,Medium,SKU920,39,95.43,3721.77,Regular Air,Small Box,12-Nov-14,2
46881,C571,Richard,06-Oct-14,Critical,SKU457,31,5.18,160.58,Express Air,Small Box,08-Oct-14,2
46981,C646,John,07-Feb-14,Medium,SKU444,46,30.56,1405.76,Regular Air,Small Box,07-Feb-14,0
47009,C174,Richard,04-Jun-14,Critical,SKU1060,32,49.99,1599.68,Express Air,Small Box,06-Jun-14,2
47173,C020,John,01-Sep-14,Not Specified,SKU1203,41,7.99,327.59,Regular Air,Medium Box,03-Sep-14,2
47457,C019,Richard,03-Jun-14,Low,SKU923,50,161.55,8077.5,Regular Air,Small Box,08-Jun-14,5
47494,C487,Bob,01-Jul-14,High,SKU1067,42,45.19,1897.98,Regular Air,Small Pack,02-Jul-14,1
47494,C487,Richard,01-Jul-14,High,SKU626,9,4.98,44.82,Regular Air,Small Box,01-Jul-14,0
47520,C475,Bob,07-Oct-14,Not Specified,SKU412,36,7.68,276.48,Regular Air,Small Box,09-Oct-14,2
47520,C475,Richard,07-Oct-14,Not Specified,SKU052,13,291.73,3792.49,Delivery Truck,Jumbo Drum,09-Oct-14,2
47520,C475,John,07-Oct-14,Not Specified,SKU732,47,19.98,939.06,Regular Air,Small Box,09-Oct-14,2
47617,C733,Bob,08-Dec-14,Not Specified,SKU419,17,304.99,5184.83,Regular Air,Small Box,09-Dec-14,1
47713,C488,Bob,03-Jul-14,High,SKU1175,34,115.99,3943.66,Regular Air,Small Box,03-Jul-14,0
47938,C468,Bob,24-Jun-14,Low,SKU1196,17,20.99,356.83,Regular Air,Wrap Bag,01-Jul-14,7
47941,C279,Richard,08-Aug-14,High,SKU1248,15,95.99,1439.85,Regular Air,Small Box,08-Aug-14,0
47974,C287,John,31-Aug-14,Medium,SKU811,6,2.78,16.68,Regular Air,Wrap Bag,02-Sep-14,2
48035,C474,Bob,31-Mar-14,Critical,SKU1138,8,20.99,167.92,Express Air,Medium Box,01-Apr-14,1
48167,C194,John,06-Sep-14,Critical,SKU257,27,349.45,9435.15,Delivery Truck,Jumbo Drum,07-Sep-14,1
48167,C194,John,06-Sep-14,Critical,SKU725,45,6.48,291.6,Regular Air,Small Box,07-Sep-14,1
48167,C194,John,06-Sep-14,Critical,SKU042,43,122.99,5288.57,Delivery Truck,Jumbo Drum,09-Sep-14,3
48226,C177,Richard,06-Jan-14,Low,SKU008,23,100.98,2322.54,Delivery Truck,Jumbo Box,06-Jan-14,0
48327,C366,Bob,10-Aug-14,Not Specified,SKU1008,14,5.98,83.72,Regular Air,Small Pack,12-Aug-14,2
48388,C495,Bob,09-Aug-14,High,SKU367,3,5.74,17.22,Regular Air,Small Box,11-Aug-14,2
48416,C444,Richard,06-Jul-14,Not Specified,SKU696,23,6.68,153.64,Regular Air,Small Box,08-Jul-14,2
48455,C030,John,02-Jun-14,Critical,SKU1087,2,9.99,19.98,Regular Air,Medium Box,03-Jun-14,1
48455,C030,Richard,02-Jun-14,Critical,SKU879,17,10.98,186.66,Regular Air,Small Pack,03-Jun-14,1
48455,C030,John,02-Jun-14,Critical,SKU677,34,22.84,776.56,Regular Air,Small Box,03-Jun-14,1
48483,C716,Bob,10-Dec-14,Critical,SKU815,18,2.21,39.78,Express Air,Wrap Bag,11-Dec-14,1
48518,C684,John,02-Apr-14,Medium,SKU580,17,37.94,644.98,Express Air,Wrap Bag,04-Apr-14,2
48775,C180,Bob,06-Sep-14,Low,SKU711,17,6.48,110.16,Regular Air,Small Box,08-Sep-14,2
49056,C139,Bob,01-Oct-14,High,SKU1200,5,55.99,279.95,Regular Air,Small Pack,01-Oct-14,0
49056,C139,Richard,01-Oct-14,High,SKU716,46,6.48,298.08,Regular Air,Small Box,03-Oct-14,2
49154,C403,Bob,06-Mar-14,Medium,SKU287,26,60.98,1585.48,Regular Air,Large Box,07-Mar-14,1
49283,C699,John,11-Dec-14,High,SKU614,25,12.28,307,Regular Air,Small Box,12-Dec-14,1
49313,C310,Bob,04-Oct-14,Medium,SKU133,34,9.38,318.92,Express Air,Small Box,04-Oct-14,0
49313,C310,John,04-Oct-14,Medium,SKU1185,36,35.99,1295.64,Regular Air,Small Pack,05-Oct-14,1
49412,C225,Bob,07-Mar-14,Critical,SKU1126,20,517.48,10349.6,Delivery Truck,Jumbo Box,07-Mar-14,0
49607,C305,Bob,04-May-14,Medium,SKU1255,6,205.99,1235.94,Regular Air,Small Box,05-May-14,1
49666,C359,Richard,06-Aug-14,Low,SKU876,46,5.68,261.28,Express Air,Small Pack,10-Aug-14,4
49668,C536,John,02-Dec-14,Low,SKU852,25,3.74,93.5,Regular Air,Wrap Bag,09-Dec-14,7
49730,C206,Bob,04-Jan-14,High,SKU073,3,350.98,1052.94,Delivery Truck,Jumbo Drum,05-Jan-14,1
49830,C340,John,09-Jul-14,Critical,SKU758,16,30.98,495.68,Express Air,Small Pack,11-Jul-14,2
49830,C340,John,09-Jul-14,Critical,SKU387,31,525.98,16305.38,Regular Air,Small Box,11-Jul-14,2
49891,C203,Bob,12-Sep-14,Not Specified,SKU525,19,4.91,93.29,Regular Air,Small Box,12-Sep-14,0
49984,C679,Bob,11-May-14,Low,SKU716,32,6.48,207.36,Regular Air,Small Box,11-May-14,0
49990,C281,John,05-Sep-14,Not Specified,SKU1117,11,442.14,4863.54,Delivery Truck,Jumbo Drum,05-Sep-14,0
50016,C322,Richard,05-Apr-14,High,SKU1193,15,85.99,1289.85,Regular Air,Wrap Bag,07-Apr-14,2
50051,C355,John,04-Oct-14,Medium,SKU130,4,41.47,165.88,Regular Air,Wrap Bag,06-Oct-14,2
50051,C355,Bob,04-Oct-14,Medium,SKU136,15,19.04,285.6,Express Air,Small Box,04-Oct-14,0
50051,C355,Richard,04-Oct-14,Medium,SKU349,17,5.53,94.01,Regular Air,Small Box,06-Oct-14,2
50081,C318,John,03-Nov-14,Not Specified,SKU011,7,70.98,496.86,Delivery Truck,Jumbo Box,04-Nov-14,1
50147,C224,Richard,08-Oct-14,Medium,SKU477,42,35.89,1507.38,Regular Air,Small Box,09-Oct-14,1
50147,C224,Richard,08-Oct-14,Medium,SKU573,13,11.48,149.24,Regular Air,Small Box,08-Oct-14,0
50275,C296,John,05-Dec-14,Medium,SKU726,31,6.48,200.88,Regular Air,Small Box,06-Dec-14,1
50275,C296,Bob,05-Dec-14,Medium,SKU1129,5,1938.02,9690.1,Express Air,Medium Box,06-Dec-14,1
50336,C401,Bob,04-Nov-14,Not Specified,SKU347,9,5.77,51.93,Regular Air,Small Box,05-Nov-14,1
50373,C154,Bob,02-Jul-14,Critical,SKU923,9,161.55,1453.95,Regular Air,Small Box,03-Jul-14,1
50432,C377,Richard,07-Jun-14,Low,SKU660,45,55.48,2496.6,Regular Air,Small Box,09-Jun-14,2
50432,C377,John,07-Jun-14,Low,SKU035,7,284.98,1994.86,Delivery Truck,Jumbo Drum,12-Jun-14,5
50754,C076,Bob,09-Dec-14,Not Specified,SKU1203,9,7.99,71.91,Regular Air,Medium Box,10-Dec-14,1
50850,C313,Bob,06-May-14,Critical,SKU230,2,417.4,834.8,Delivery Truck,Jumbo Box,07-May-14,1
50850,C313,John,06-May-14,Critical,SKU458,37,40.98,1516.26,Regular Air,Small Box,08-May-14,2
50981,C691,John,04-Aug-14,Critical,SKU1204,42,155.99,6551.58,Regular Air,Small Box,04-Aug-14,0
51047,C257,Richard,10-Apr-14,Medium,SKU130,38,41.47,1575.86,Regular Air,Wrap Bag,11-Apr-14,1
51047,C257,Richard,10-Apr-14,Medium,SKU193,28,1.76,49.28,Express Air,Small Box,11-Apr-14,1
51072,C043,Richard,02-Oct-14,Critical,SKU923,43,161.55,6946.65,Regular Air,Small Box,04-Oct-14,2
51233,C255,John,09-Dec-14,Low,SKU189,3,7.59,22.77,Regular Air,Wrap Bag,09-Dec-14,0
51619,C713,Bob,02-Sep-14,Not Specified,SKU903,6,165.2,991.2,Regular Air,Small Box,03-Sep-14,1
51619,C713,Bob,02-Sep-14,Not Specified,SKU346,2,3.89,7.78,Regular Air,Small Box,04-Sep-14,2
51619,C713,Bob,02-Sep-14,Not Specified,SKU054,31,355.98,11035.38,Delivery Truck,Jumbo Drum,03-Sep-14,1
51619,C713,Richard,02-Sep-14,Not Specified,SKU815,46,2.21,101.66,Regular Air,Wrap Bag,03-Sep-14,1
51714,C458,Richard,05-Sep-14,Not Specified,SKU667,33,5.78,190.74,Regular Air,Small Box,06-Sep-14,1
51815,C055,Bob,26-May-14,Low,SKU442,37,5.94,219.78,Regular Air,Small Box,02-Jun-14,7
51873,C555,John,06-May-14,High,SKU557,29,9.11,264.19,Regular Air,Wrap Bag,06-May-14,0
51968,C697,John,05-Sep-14,Medium,SKU1193,43,85.99,3697.57,Regular Air,Wrap Bag,06-Sep-14,1
52002,C168,John,04-Jun-14,High,SKU228,11,218.75,2406.25,Delivery Truck,Jumbo Box,05-Jun-14,1
52070,C562,Richard,01-Dec-14,Not Specified,SKU746,29,2.28,66.12,Regular Air,Wrap Bag,03-Dec-14,2
52357,C096,John,03-Sep-14,Not Specified,SKU480,49,10.98,538.02,Regular Air,Small Box,05-Sep-14,2
52386,C731,Richard,05-Jan-14,High,SKU1092,6,120.97,725.82,Delivery Truck,Jumbo Drum,07-Jan-14,2
52416,C205,John,31-Jan-14,Not Specified,SKU578,6,7.64,45.84,Regular Air,Wrap Bag,02-Feb-14,2
52416,C205,John,31-Jan-14,Not Specified,SKU228,40,218.75,8750,Delivery Truck,Jumbo Box,01-Feb-14,1
52487,C565,John,01-Jun-14,Critical,SKU488,17,7.78,132.26,Regular Air,Small Box,02-Jun-14,1
52870,C042,John,09-Mar-14,Not Specified,SKU280,21,3.25,68.25,Regular Air,Large Box,11-Mar-14,2
53029,C519,Bob,27-Jul-14,Low,SKU506,39,6.3,245.7,Regular Air,Small Box,01-Aug-14,5
53123,C529,Bob,31-Aug-14,Not Specified,SKU393,25,10.98,274.5,Regular Air,Small Box,02-Sep-14,2
53152,C090,Richard,05-Mar-14,Medium,SKU987,5,34.98,174.9,Regular Air,Small Box,07-Mar-14,2
53152,C090,John,05-Mar-14,Medium,SKU584,9,19.98,179.82,Regular Air,Small Box,07-Mar-14,2
53152,C090,Richard,05-Mar-14,Medium,SKU1161,36,65.99,2375.64,Express Air,Small Box,05-Mar-14,0
53152,C090,Richard,05-Mar-14,Medium,SKU202,9,19.99,179.91,Regular Air,Large Box,08-Mar-14,3
53281,C612,John,02-Apr-14,Critical,SKU054,40,355.98,14239.2,Delivery Truck,Jumbo Drum,04-Apr-14,2
53312,C253,Richard,04-Jul-14,Medium,SKU771,30,3.34,100.2,Regular Air,Wrap Bag,05-Jul-14,1
53312,C253,Bob,04-Jul-14,Medium,SKU314,23,363.25,8354.75,Regular Air,Small Box,06-Jul-14,2
53410,C161,Bob,07-Aug-14,Critical,SKU301,44,14.81,651.64,Regular Air,Small Box,09-Aug-14,2
53476,C716,Richard,11-Jun-14,Not Specified,SKU652,14,35.44,496.16,Regular Air,Small Box,11-Jun-14,0
53476,C716,Richard,11-Jun-14,Not Specified,SKU919,42,193.17,8113.14,Express Air,Small Box,11-Jun-14,0
53476,C716,John,11-Jun-14,Not Specified,SKU781,47,1.76,82.72,Regular Air,Wrap Bag,12-Jun-14,1
53508,C405,Bob,10-Nov-14,High,SKU603,4,15.04,60.16,Regular Air,Wrap Bag,10-Nov-14,0
53508,C405,Richard,10-Nov-14,High,SKU1132,25,13.99,349.75,Regular Air,Medium Box,12-Nov-14,2
53508,C405,John,10-Nov-14,High,SKU1027,13,80.98,1052.74,Regular Air,Small Box,12-Nov-14,2
53797,C242,John,01-Oct-14,Critical,SKU014,10,58.14,581.4,Delivery Truck,Jumbo Box,01-Oct-14,0
53894,C138,John,07-Jul-14,Critical,SKU255,37,71.37,2640.69,Regular Air,Large Box,08-Jul-14,1
53894,C138,Bob,07-Jul-14,Critical,SKU096,47,14.2,667.4,Regular Air,Wrap Bag,08-Jul-14,1
53894,C138,Richard,07-Jul-14,Critical,SKU1151,29,200.99,5828.71,Express Air,Small Box,07-Jul-14,0
54019,C001,Bob,01-Jul-14,Low,SKU1092,35,120.97,4233.95,Delivery Truck,Jumbo Drum,08-Jul-14,7
54151,C030,Bob,02-Sep-14,Critical,SKU812,38,1.68,63.84,Regular Air,Wrap Bag,03-Sep-14,1
54151,C030,John,02-Sep-14,Critical,SKU550,35,5.68,198.8,Regular Air,Wrap Bag,03-Sep-14,1
54342,C604,Bob,08-Jun-14,Low,SKU994,35,100.97,3533.95,Express Air,Small Box,08-Jun-14,0
54342,C604,John,08-Jun-14,Low,SKU733,2,4.84,9.68,Regular Air,Wrap Bag,08-Jun-14,0
54369,C665,Richard,02-Mar-14,Not Specified,SKU975,47,8.33,391.51,Express Air,Small Pack,04-Mar-14,2
54464,C401,Richard,01-Sep-14,High,SKU193,50,1.76,88,Regular Air,Small Box,02-Sep-14,1
54464,C401,John,01-Sep-14,High,SKU082,11,19.98,219.78,Regular Air,Small Box,03-Sep-14,2
54567,C576,John,02-Aug-14,Medium,SKU143,31,6.28,194.68,Regular Air,Small Box,04-Aug-14,2
54595,C268,Bob,28-Apr-14,Medium,SKU070,41,130.98,5370.18,Delivery Truck,Jumbo Drum,01-May-14,3
54755,C508,Bob,07-Dec-14,Critical,SKU1020,44,73.98,3255.12,Regular Air,Small Box,10-Dec-14,3
54819,C617,John,10-Oct-14,Low,SKU856,26,2.62,68.12,Regular Air,Wrap Bag,12-Oct-14,2
54819,C617,Richard,10-Oct-14,Low,SKU1161,46,65.99,3035.54,Regular Air,Small Box,10-Oct-14,0
55040,C207,Richard,12-Apr-14,High,SKU873,24,8.34,200.16,Regular Air,Small Pack,12-Apr-14,0
55298,C120,Richard,02-Aug-14,Critical,SKU044,1,300.98,300.98,Delivery Truck,Jumbo Drum,03-Aug-14,1
55330,C100,Bob,12-Aug-14,Medium,SKU105,49,12.58,616.42,Regular Air,Small Box,12-Aug-14,0
55367,C450,John,10-Jan-14,Critical,SKU012,31,70.98,2200.38,Delivery Truck,Jumbo Box,11-Jan-14,1
55367,C450,John,10-Jan-14,Critical,SKU779,48,11.55,554.4,Regular Air,Wrap Bag,12-Jan-14,2
55392,C162,Richard,06-Jun-14,Critical,SKU823,39,2.84,110.76,Regular Air,Wrap Bag,08-Jun-14,2
55392,C162,John,06-Jun-14,Critical,SKU830,20,6.47,129.4,Regular Air,Wrap Bag,07-Jun-14,1
55429,C563,Richard,29-Jun-14,High,SKU718,43,6.48,278.64,Regular Air,Small Box,01-Jul-14,2
55525,C473,Richard,08-May-14,Low,SKU995,1,300.97,300.97,Regular Air,Small Box,08-May-14,0
55648,C727,John,09-Sep-14,Critical,SKU803,5,2.88,14.4,Regular Air,Wrap Bag,12-Sep-14,3
55713,C015,Richard,02-Feb-14,High,SKU042,49,122.99,6026.51,Delivery Truck,Jumbo Drum,04-Feb-14,2
55746,C305,John,30-Jun-14,Not Specified,SKU972,29,11.29,327.41,Regular Air,Small Box,02-Jul-14,2
56002,C206,John,04-Jul-14,Low,SKU636,14,55.98,783.72,Regular Air,Small Box,08-Jul-14,4
56002,C206,John,04-Jul-14,Low,SKU245,14,290.98,4073.72,Regular Air,Large Box,06-Jul-14,2
56002,C206,Bob,04-Jul-14,Low,SKU923,9,161.55,1453.95,Regular Air,Small Box,11-Jul-14,7
56002,C206,Bob,04-Jul-14,Low,SKU486,21,23.99,503.79,Regular Air,Small Box,06-Jul-14,2
56197,C567,Bob,11-May-14,High,SKU250,45,227.55,10239.75,Delivery Truck,Jumbo Box,11-May-14,0
56516,C710,Bob,03-Aug-14,Medium,SKU422,6,3.98,23.88,Regular Air,Small Box,04-Aug-14,1
56516,C710,John,03-Aug-14,Medium,SKU1211,24,125.99,3023.76,Regular Air,Small Box,05-Aug-14,2
56581,C311,Richard,08-Feb-14,High,SKU203,20,105.98,2119.6,Express Air,Medium Box,11-Feb-14,3
56582,C324,John,12-Jun-14,Low,SKU018,36,130.98,4715.28,Delivery Truck,Jumbo Box,12-Jun-14,0
56677,C660,Richard,11-Apr-14,High,SKU092,35,12.22,427.7,Regular Air,Small Pack,12-Apr-14,1
56706,C009,John,10-Nov-14,High,SKU1084,7,99.99,699.93,Regular Air,Small Box,11-Nov-14,1
56803,C131,John,10-Dec-14,Not Specified,SKU685,42,6.48,272.16,Regular Air,Small Box,10-Dec-14,0
56960,C377,John,06-Aug-14,High,SKU1153,48,65.99,3167.52,Express Air,Small Box,08-Aug-14,2
57061,C234,Richard,30-Nov-14,Low,SKU196,3,17.78,53.34,Regular Air,Small Box,02-Dec-14,2
57061,C234,Richard,30-Nov-14,Low,SKU350,21,22.38,469.98,Regular Air,Small Box,07-Dec-14,7
57253,C199,Richard,05-Jan-14,Critical,SKU065,43,1.81,77.83,Regular Air,Jumbo Drum,06-Jan-14,1
57253,C199,Richard,05-Jan-14,Critical,SKU251,49,4.91,240.59,Regular Air,Jumbo Box,06-Jan-14,1
57253,C199,Richard,05-Jan-14,Critical,SKU202,48,279.48,13415.04,Regular Air,Large Box,05-Jan-14,0
57253,C199,Richard,05-Jan-14,Critical,SKU054,29,20.98,608.42,Delivery Truck,Jumbo Drum,07-Jan-14,2
57253,C199,Bob,05-Jan-14,Critical,SKU1143,25,125.99,3149.75,Regular Air,Small Box,05-Jan-14,0
57381,C601,Richard,07-Aug-14,High,SKU362,13,41.94,545.22,Regular Air,Small Box,08-Aug-14,1
57381,C601,John,07-Aug-14,High,SKU845,22,1.98,43.56,Regular Air,Wrap Bag,07-Aug-14,0
57504,C681,John,04-Aug-14,Not Specified,SKU487,44,7.64,336.16,Regular Air,Small Box,07-Aug-14,3
57511,C247,Richard,06-Oct-14,Critical,SKU519,32,2.89,92.48,Regular Air,Small Box,07-Oct-14,1
57511,C247,Bob,06-Oct-14,Critical,SKU1200,11,55.99,615.89,Regular Air,Small Pack,08-Oct-14,2
57827,C034,Bob,02-Jul-14,Medium,SKU008,24,100.98,2423.52,Delivery Truck,Jumbo Box,04-Jul-14,2
57827,C034,Richard,02-Jul-14,Medium,SKU669,29,4.98,144.42,Regular Air,Small Box,03-Jul-14,1
57958,C719,Richard,28-Feb-14,Critical,SKU688,46,30.98,1425.08,Express Air,Small Box,01-Mar-14,1
58279,C262,Bob,11-Apr-14,Medium,SKU444,44,30.56,1344.64,Regular Air,Small Box,11-Apr-14,0
58343,C794,John,09-Jan-14,Not Specified,SKU835,39,3.29,128.31,Regular Air,Wrap Bag,11-Jan-14,2
58434,C238,John,09-Mar-14,High,SKU160,42,19.23,807.66,Regular Air,Small Pack,10-Mar-14,1
58727,C791,John,06-Jul-14,Medium,SKU109,20,26.48,529.6,Regular Air,Small Box,07-Jul-14,1
58914,C023,John,09-Apr-14,Low,SKU992,46,2.12,97.52,Regular Air,Small Pack,11-Apr-14,2
59232,C648,Bob,05-Jan-14,High,SKU567,23,30.98,712.54,Regular Air,Small Box,07-Jan-14,2
59297,C050,Richard,09-Dec-14,Medium,SKU1103,13,119.99,1559.87,Delivery Truck,Jumbo Box,11-Dec-14,2
59363,C029,John,02-May-14,High,SKU686,24,6.68,160.32,Regular Air,Small Box,02-May-14,0
59365,C676,Richard,07-Dec-14,Medium,SKU1100,1,535.64,535.64,Delivery Truck,Jumbo Drum,09-Dec-14,2
59459,C158,John,04-Feb-14,Medium,SKU978,40,1.7,68,Regular Air,Small Pack,05-Feb-14,1
59591,C366,John,09-Oct-14,Not Specified,SKU1107,34,100.97,3432.98,Delivery Truck,Jumbo Drum,10-Oct-14,1
59591,C366,John,09-Oct-14,Not Specified,SKU724,29,6.48,187.92,Regular Air,Small Box,11-Oct-14,2
59879,C419,Richard,09-Mar-14,Not Specified,SKU1202,33,35.99,1187.67,Express Air,Small Pack,11-Mar-14,2
59942,C517,Richard,08-Feb-14,Medium,SKU1006,47,15.98,751.06,Regular Air,Small Pack,10-Feb-14,2
